Protein,Evidence_Category,Raw_Count,Harmonized_Count,IC_Raw,IC_Harmonized,Improvement_Pct
O15060,Experimental,1,3,1.0314,2.0969,103.31
O15060,Electronic (IEA),5,31,12.4924,51.8387,314.96
O15060,Computational,6,49,21.7643,114.2946,425.15
Q9NYQ8,Experimental,3,14,18.49,48.819,164.03
Q9NYQ8,High-throughput,1,9,2.9721,16.5244,455.98
Q9NYQ8,Electronic (IEA),9,24,32.9825,50.24,52.32
Q9NYQ8,Computational,4,14,19.8563,41.9043,111.04
URS0000EA941F_9606,Electronic (IEA),2,13,6.1315,22.7048,270.3
URS00006509A9_9606,Electronic (IEA),1,21,2.3593,33.3957,1315.46
O96007,Experimental,5,29,31.2499,121.5371,288.92
O96007,Electronic (IEA),7,32,43.28,125.4369,189.83
O96007,Computational,1,3,2.1093,2.6379,25.06
O96007,Author/Curator,3,20,20.2515,75.6861,273.73
URS0000EF3D77_9606,Electronic (IEA),2,12,4.3508,11.2581,158.76
URS0002A2FC8C_9606,Electronic (IEA),2,12,4.3508,11.2581,158.76
URS00006A0D74_9606,Electronic (IEA),1,21,2.3593,33.3957,1315.46
URS0002538CB4_9606,Electronic (IEA),2,12,4.3508,11.2581,158.76
URS0002676007_9606,Electronic (IEA),2,10,4.0684,10.5183,158.53
URS0001C6CC66_9606,Electronic (IEA),2,10,4.0684,10.5183,158.53
CPX-10312,Author/Curator,1,6,4.6415,16.6544,258.81
URS0000EF3370_9606,Electronic (IEA),2,13,6.1315,22.7048,270.3
URS00026A26A6_9606,Electronic (IEA),1,26,4.2272,50.7496,1100.55
URS00006F167C_9606,Electronic (IEA),2,12,4.3508,11.2581,158.76
Q9BT73,Experimental,4,13,14.51,25.5708,76.23
Q9BT73,Electronic (IEA),3,13,12.6932,23.9371,88.58
Q9BT73,Computational,1,2,1.3519,1.5349,13.54
Q9BT73,Author/Curator,2,12,10.9777,29.3891,167.72
Q9NUX5,Experimental,25,130,197.7208,616.1337,211.62
Q9NUX5,High-throughput,1,4,5.5362,11.168,101.73
Q9NUX5,Electronic (IEA),7,38,34.5858,117.6311,240.11
Q9NUX5,Computational,5,53,39.8648,191.6618,380.78
Q9NUX5,Author/Curator,5,65,33.1803,231.3501,597.25
P62273,Experimental,7,36,25.6589,74.8871,191.86
P62273,High-throughput,5,21,23.0011,59.1249,157.05
P62273,Electronic (IEA),11,38,38.152,83.7161,119.43
P62273,Computational,5,31,26.7318,86.3874,223.16
P62273,Author/Curator,5,15,15.4285,26.3549,70.82
P0DSN6,Electronic (IEA),8,31,33.8778,98.4481,190.6
P0DSN6,Computational,1,3,1.4567,1.9853,36.28
URS000068C891_9606,Electronic (IEA),2,12,4.3508,11.2581,158.76
URS000015DE7D_9606,Electronic (IEA),2,16,6.0993,26.6055,336.2
Q9HAS3,Experimental,5,24,35.2364,116.5347,230.72
Q9HAS3,Electronic (IEA),11,51,70.2046,251.7693,258.62
Q9HAS3,Computational,6,43,46.4192,223.8722,382.28
Q9HAS3,Author/Curator,6,37,41.7371,170.9918,309.69
URS0002FDE6CC_9606,Electronic (IEA),2,10,4.0684,10.5183,158.53
Q8NGT2,Electronic (IEA),7,23,22.0764,53.4553,142.14
Q8NGT2,Computational,3,16,11.1608,42.6639,282.27
Q96BM1,Experimental,7,55,35.1141,184.0958,424.28
Q96BM1,Electronic (IEA),3,22,9.4945,44.4648,368.32
Q96BM1,Author/Curator,1,3,2.1093,2.6379,25.06
Q96R08,Electronic (IEA),8,29,26.6543,77.3915,190.35
Q96R08,Computational,4,20,18.4979,52.1714,182.04
Q5HYK7,Experimental,6,31,23.3258,84.7546,263.35
Q5HYK7,Electronic (IEA),2,8,3.6114,7.9738,120.8
Q5HYK7,Computational,3,13,9.1275,20.4752,124.32
Q5HYK7,Author/Curator,1,3,2.1093,2.6379,25.06
URS0000201643_9606,Electronic (IEA),2,26,5.4831,43.1538,687.03
Q96JE9,Experimental,5,26,23.5135,82.6516,251.51
Q96JE9,Electronic (IEA),10,44,43.9458,119.1416,171.11
Q96JE9,Computational,10,76,56.4053,257.1563,355.91
Q5MNZ6,Experimental,9,44,50.9734,149.7934,193.87
Q5MNZ6,Electronic (IEA),4,19,20.6865,44.9516,117.3
Q5MNZ6,Computational,10,49,64.9493,213.3424,228.48
URS000072EF54_9606,Electronic (IEA),2,12,4.3508,11.2581,158.76
Q8WVT3,Experimental,13,56,70.022,186.1454,165.84
Q8WVT3,Electronic (IEA),3,14,11.5554,23.6025,104.26
Q8WVT3,Computational,2,11,11.4483,27.4312,139.61
Q8WVT3,Author/Curator,5,25,24.1694,74.9628,210.16
CPX-7744,Author/Curator,2,12,5.1622,26.3037,409.54
O94927,Experimental,6,33,34.7771,118.4505,240.6
O94927,Electronic (IEA),7,34,39.9019,115.4033,189.22
O94927,Computational,4,23,25.8582,82.9184,220.67
O94927,Author/Curator,4,34,22.788,123.7779,443.17
CPX-2554,Author/Curator,1,17,5.6562,50.3547,790.26
URS0002652FEF_9606,Electronic (IEA),2,10,4.0684,10.5183,158.53
CPX-26573,Author/Curator,2,10,13.7602,27.4231,99.29
Q99788,Experimental,8,57,44.3709,226.1034,409.58
Q99788,Electronic (IEA),11,51,47.991,143.8602,199.76
Q99788,Computational,13,98,76.6717,362.8963,373.31
Q99788,Author/Curator,10,35,39.5679,106.2247,168.46
URS000015B295_9606,Experimental,5,55,28.9732,186.6934,544.37
URS000015B295_9606,High-throughput,1,3,3.0652,3.5938,17.24
URS000015B295_9606,Computational,2,19,16.4682,80.9526,391.57
Q9HD67,Experimental,6,27,25.2212,78.5011,211.25
Q9HD67,Electronic (IEA),21,66,103.1424,215.7108,109.14
Q9HD67,Computational,9,54,60.7833,199.1088,227.57
Q9HD67,Author/Curator,1,3,2.1093,2.6379,25.06
URS00007591A8_9606,Electronic (IEA),2,10,4.0684,10.5183,158.53
Q9ULX5,Experimental,3,13,9.7669,22.0289,125.55
Q9ULX5,Electronic (IEA),25,92,103.6824,292.6043,182.21
Q9ULX5,Computational,16,87,77.4446,275.7225,256.03
Q9ULX5,Author/Curator,1,8,2.9626,15.0271,407.24
Q6QAJ8,Experimental,1,3,1.0314,2.0969,103.31
Q6QAJ8,Electronic (IEA),1,3,1.4567,1.9853,36.28
A6NDR6,Electronic (IEA),3,25,6.9069,32.5154,370.77
A6NDR6,Computational,11,68,52.064,186.174,257.59
URS0000EABFA4_9606,Electronic (IEA),1,21,2.3593,33.3957,1315.46
URS000067E5AD_9606,Electronic (IEA),1,21,2.3593,33.3957,1315.46
URS00008C0B68_9606,Electronic (IEA),1,28,5.8398,62.4293,969.02
URS0000145B37_9606,Electronic (IEA),2,10,4.0684,10.5183,158.53
URS00001018F1_9606,Electronic (IEA),2,10,4.0684,10.5183,158.53
A6NHC0,Electronic (IEA),9,30,34.8884,67.6856,94.01
A6NHC0,Computational,3,19,12.9365,47.3732,266.2
URS0002D074FC_9606,Electronic (IEA),2,10,4.0684,10.5183,158.53
Q9NVF7,Experimental,7,34,23.6848,83.7616,253.65
Q9NVF7,Electronic (IEA),3,12,11.4937,21.3145,85.45
Q9NVF7,Computational,1,13,5.0956,34.444,575.95
Q9NVF7,Author/Curator,1,17,5.6562,50.3547,790.26
CPX-7108,Author/Curator,4,35,11.0967,63.698,474.03
URS00009DD709_9606,Electronic (IEA),2,10,4.0684,10.5183,158.53
URS00006F671A_9606,Electronic (IEA),2,12,4.3508,11.2581,158.76
Q9UDW1,Experimental,2,10,5.4358,19.1084,251.53
Q9UDW1,High-throughput,1,7,3.2474,7.6098,134.34
Q9UDW1,Electronic (IEA),7,40,36.4806,143.033,292.08
Q9UDW1,Computational,2,20,16.0473,88.0443,448.66
Q9UDW1,Author/Curator,4,30,26.8351,123.9689,361.97
URS00007E427B_9606,Electronic (IEA),2,26,5.4831,43.1538,687.03
Q9Y5P0,Electronic (IEA),11,34,37.4735,94.9651,153.42
Q9Y5P0,Computational,2,9,6.5829,18.5171,181.29
Q9Y5P0,Author/Curator,3,15,10.5681,38.9707,268.76
CPX-2381,Experimental,3,31,15.4972,81.3498,424.93
Q06495,Experimental,9,38,54.6169,154.5662,183.0
Q06495,Electronic (IEA),40,136,261.6064,640.436,144.81
Q06495,Computational,7,40,45.6272,171.9971,276.96
Q06495,Author/Curator,4,30,24.6289,118.387,380.68
URS00025C79A7_9606,Electronic (IEA),2,10,4.0684,10.5183,158.53
URS00005902FF_9606,Electronic (IEA),2,10,4.0684,10.5183,158.53
Q9H4Z3,Experimental,12,83,71.3306,266.11,273.07
Q9H4Z3,Electronic (IEA),6,31,33.0531,112.2365,239.56
Q9H4Z3,Computational,1,7,1.7848,6.1472,244.41
O60749,Experimental,17,56,89.7799,198.6818,121.3
O60749,High-throughput,1,5,4.8732,11.1564,128.93
O60749,Electronic (IEA),16,60,92.1587,210.5925,128.51
O60749,Computational,4,35,20.8619,99.8008,378.39
O60749,Author/Curator,2,16,15.28,52.2825,242.16
URS00000598CD_9606,Electronic (IEA),2,10,4.0684,10.5183,158.53
URS000075A143_9606,Electronic (IEA),2,12,4.3508,11.2581,158.76
Q68D85,Experimental,4,23,15.4537,67.4169,336.25
Q68D85,Electronic (IEA),2,10,4.1362,9.3083,125.05
Q68D85,Author/Curator,1,4,2.0004,3.9857,99.24
URS0000AAF39E_9606,Electronic (IEA),5,28,19.8465,69.3835,249.6
URS0000EB7C4A_9606,Electronic (IEA),2,13,6.1315,22.7048,270.3
Q8WW59,Experimental,2,10,2.8162,8.2442,192.74
Q8WW59,High-throughput,1,7,3.2474,7.6098,134.34
Q9Y2T6,Experimental,7,67,45.4207,252.8231,456.63
Q9Y2T6,Electronic (IEA),6,17,22.2389,35.9032,61.44
Q9Y2T6,Computational,3,17,15.0674,36.1909,140.19
Q9Y2T6,Author/Curator,3,16,9.3726,26.6294,184.12
URS0000EB5012_9606,Electronic (IEA),2,12,4.3508,11.2581,158.76
URS00008C1F55_9606,Electronic (IEA),2,16,6.0993,26.6055,336.2
Q9UGJ0,Experimental,14,80,83.8462,326.5688,289.49
Q9UGJ0,High-throughput,1,3,3.0652,3.5938,17.24
Q9UGJ0,Electronic (IEA),12,67,59.8005,218.2608,264.98
Q9UGJ0,Computational,9,80,50.2969,285.0394,466.71
Q9UGJ0,Author/Curator,9,84,48.0094,322.04,570.78
URS00006D507B_9606,Electronic (IEA),2,12,4.3508,11.2581,158.76
Q9NWB6,Experimental,6,40,23.8823,98.651,313.07
Q9NWB6,High-throughput,1,5,4.8732,11.1564,128.93
Q9NWB6,Electronic (IEA),11,70,43.5024,172.7994,297.22
Q9NWB6,Computational,2,8,5.7102,10.0726,76.4
P54252,Experimental,22,120,121.7277,446.4379,266.75
P54252,Electronic (IEA),20,80,97.347,278.4363,186.02
P54252,Computational,14,112,82.7445,417.7735,404.9
P54252,Author/Curator,8,49,33.8689,154.3328,355.68
Q9H7R5,Electronic (IEA),10,60,28.8518,112.5299,290.03
Q9H7R5,Computational,4,37,11.3893,70.8475,522.06
Q5TID7,Experimental,2,8,9.5994,18.1636,89.22
Q5TID7,Electronic (IEA),13,57,70.8031,203.4691,187.37
Q5TID7,Computational,6,43,40.5862,156.0687,284.54
URS0000765A46_9606,Electronic (IEA),1,16,3.23,26.216,711.64
URS0001B50DE3_9606,Electronic (IEA),2,10,4.0684,10.5183,158.53
Q5VZV1,Experimental,8,38,32.5033,119.7192,268.33
Q5VZV1,Electronic (IEA),7,24,23.962,62.6592,161.49
Q5VZV1,Computational,1,7,5.7185,23.4249,309.64
Q01955,Experimental,7,46,43.3651,176.9324,308.01
Q01955,High-throughput,2,8,11.2632,23.6985,110.41
Q01955,Electronic (IEA),9,44,52.8428,155.8089,194.85
Q01955,Computational,5,22,33.9256,82.1354,142.1
Q01955,Author/Curator,9,47,42.5924,151.8106,256.43
Q9UNK0,Experimental,12,53,61.1773,198.7778,224.92
Q9UNK0,Electronic (IEA),4,20,17.872,50.3086,181.49
Q9UNK0,Computational,7,40,41.8639,139.1642,232.42
Q9UNK0,Author/Curator,2,9,5.5075,11.3266,105.66
URS0000631D89_9606,Electronic (IEA),2,16,6.0993,26.6055,336.2
Q8IXQ6,Experimental,31,179,166.4424,674.521,305.26
Q8IXQ6,High-throughput,1,3,1.4567,1.9853,36.28
Q8IXQ6,Electronic (IEA),14,79,71.8933,274.3375,281.59
Q8IXQ6,Computational,7,70,32.4688,218.7784,573.81
Q8IXQ6,Author/Curator,6,29,30.7146,95.9198,212.29
URS00008BCE52_9606,Electronic (IEA),1,5,3.1238,9.7582,212.38
Q8N8Y2,Experimental,4,19,15.0769,71.2412,372.52
Q8N8Y2,High-throughput,1,9,2.9721,16.5244,455.98
Q8N8Y2,Electronic (IEA),9,59,52.1154,236.7534,354.29
Q8N8Y2,Computational,6,63,42.4421,261.7654,516.76
Q8N8Y2,Author/Curator,4,21,20.3041,61.1006,200.93
O75363,High-throughput,1,9,2.9721,16.5244,455.98
O75363,Electronic (IEA),1,3,1.8265,2.3551,28.94
O75363,Computational,2,8,8.3435,22.4594,169.18
URS00006DCB39_9606,Electronic (IEA),2,16,6.0993,26.6055,336.2
A0A286YEU6,Electronic (IEA),6,22,20.076,51.4549,156.3
A0A286YEU6,Computational,4,17,16.4981,47.232,186.29
URS0000EED2BF_9606,Electronic (IEA),2,16,6.0993,26.6055,336.2
URS000029D9F1_9606,Experimental,25,164,155.8521,728.0022,367.11
URS000029D9F1_9606,High-throughput,1,3,3.0652,3.5938,17.24
URS000029D9F1_9606,Computational,1,25,7.3643,105.0818,1326.91
URS00021805F2_9606,Electronic (IEA),2,12,4.3508,11.2581,158.76
A0A0K0K1B3,Electronic (IEA),4,15,14.7177,40.226,173.32
A0A0K0K1B3,Computational,2,11,4.978,12.286,146.8
URS0001A50FF9_9606,Electronic (IEA),2,10,4.0684,10.5183,158.53
P48059,Experimental,13,81,63.169,239.4966,279.14
P48059,High-throughput,1,6,4.6415,16.6544,258.81
P48059,Electronic (IEA),6,34,19.6531,72.7939,270.39
P48059,Computational,6,31,28.725,88.6763,208.71
P48059,Author/Curator,2,7,6.7508,18.7637,177.95
URS0001AAAB5C_9606,Electronic (IEA),2,10,4.0684,10.5183,158.53
P36639,Experimental,15,57,97.2652,234.1798,140.76
P36639,High-throughput,1,7,3.2474,7.6098,134.34
P36639,Electronic (IEA),15,47,104.7915,172.9009,65.0
P36639,Computational,5,29,35.9832,88.9947,147.32
P36639,Author/Curator,3,18,11.2281,38.9986,247.33
URS00025571E1_9606,Electronic (IEA),2,10,4.0684,10.5183,158.53
URS000233809E_9606,Electronic (IEA),2,26,5.4831,43.1538,687.03
CPX-10344,Electronic (IEA),1,6,2.1358,5.3226,149.22
CPX-10344,Author/Curator,2,23,10.3992,68.1572,555.41
URS000063B456_9606,Electronic (IEA),2,12,4.3508,11.2581,158.76
Q8NC24,Experimental,2,23,8.3593,60.3848,622.36
Q8NC24,Electronic (IEA),5,31,26.1477,87.9863,236.5
Q8NC24,Computational,2,24,13.3152,78.1794,487.14
Q9H967,Experimental,6,21,21.568,41.6642,93.18
Q9H967,Computational,3,27,11.8745,60.534,409.78
CPX-5997,Author/Curator,4,34,25.6916,119.0797,363.5
P06748,Experimental,45,204,232.6112,778.7018,234.77
P06748,High-throughput,4,16,9.9679,28.5537,186.46
P06748,Electronic (IEA),20,77,81.135,220.2406,171.45
P06748,Computational,15,75,69.1258,228.0857,229.96
P06748,Author/Curator,8,38,36.5698,110.4017,201.89
URS00007082D4_9606,Electronic (IEA),2,16,6.0993,26.6055,336.2
URS0000297DC4_9606,Electronic (IEA),2,16,6.0993,26.6055,336.2
URS00002034DC_9606,Electronic (IEA),2,16,6.0993,26.6055,336.2
Q08174,Experimental,1,3,3.0258,3.5544,17.47
Q08174,Electronic (IEA),6,18,20.6346,38.4436,86.31
Q08174,Computational,3,11,10.0073,14.7359,47.25
Q08174,Author/Curator,4,18,14.8169,43.083,190.77
URS0000688BBE_9606,Electronic (IEA),1,21,2.3593,33.3957,1315.46
P22223,Experimental,12,77,83.8263,357.9947,327.07
P22223,Electronic (IEA),11,30,40.436,80.2035,98.35
P22223,Computational,11,36,61.8388,127.628,106.39
P22223,Author/Curator,2,7,5.821,8.4527,45.21
URS0002538338_9606,Electronic (IEA),2,10,4.0684,10.5183,158.53
URS0000564D66_9606,Experimental,2,48,10.7156,126.0033,1075.88
URS0000EF0334_9606,Electronic (IEA),1,16,3.23,26.216,711.64
Q96LM5,Experimental,1,3,1.0314,2.0969,103.31
Q502X0,Experimental,1,3,1.0314,2.0969,103.31
Q502X0,Electronic (IEA),5,24,18.0401,63.0848,249.69
Q9NY25,Experimental,3,23,12.3141,62.19,405.03
Q9NY25,Electronic (IEA),10,60,47.3492,173.1795,265.75
Q9NY25,Computational,5,37,27.1131,104.2133,284.37
Q9NY25,Author/Curator,5,21,23.4032,53.6966,129.44
URS0000D5994F_9606,Electronic (IEA),2,12,4.3508,11.2581,158.76
URS0000705743_9606,Electronic (IEA),2,26,5.4831,43.1538,687.03
Q9NUY8,Experimental,8,38,41.4127,114.5528,176.61
Q9NUY8,Electronic (IEA),6,28,22.8642,73.5829,221.83
Q9NUY8,Computational,6,29,36.9231,108.8443,194.79
P13232,Experimental,8,53,37.9158,153.0356,303.62
P13232,High-throughput,1,4,4.3872,9.2899,111.75
P13232,Electronic (IEA),7,22,34.7785,70.2986,102.13
P13232,Computational,8,82,47.2337,324.888,587.83
P13232,Author/Curator,13,113,79.2144,455.9268,475.56
URS0000D5B869_9606,Electronic (IEA),1,10,6.8989,32.2374,367.28
CPX-6175,Author/Curator,5,53,33.1276,195.6705,490.66
URS0002A56366_9606,Electronic (IEA),2,12,4.3508,11.2581,158.76
URS0002311756_9606,Electronic (IEA),2,26,5.4831,43.1538,687.03
CPX-2322,Author/Curator,4,59,16.8882,158.7092,839.76
Q8WTT0,Experimental,1,3,1.0314,2.0969,103.31
Q8WTT0,Electronic (IEA),6,26,20.3974,66.0161,223.65
Q8WTT0,Computational,4,27,23.978,92.8463,287.21
Q8WTT0,Author/Curator,4,11,19.8142,34.0372,71.78
Q8TAI7,Experimental,5,28,17.8035,64.2278,260.76
Q8TAI7,Electronic (IEA),9,36,27.7909,88.5916,218.78
Q8TAI7,Computational,5,46,24.7738,144.9998,485.3
URS0000649314_9606,Electronic (IEA),2,12,4.3508,11.2581,158.76
Q6ZS81,Experimental,1,3,1.0314,2.0969,103.31
Q6ZS81,Electronic (IEA),3,18,13.2843,39.8455,199.94
Q6ZS81,Computational,1,3,6.0854,9.2432,51.89
P61086,Experimental,10,96,64.2956,362.475,463.76
P61086,Electronic (IEA),10,47,40.7322,128.116,214.53
P61086,Computational,3,30,13.877,77.8733,461.17
P61086,Author/Curator,4,25,12.0773,60.1394,397.95
P06681,Experimental,11,69,75.9028,256.7179,238.22
P06681,High-throughput,1,9,2.9721,16.5244,455.98
P06681,Electronic (IEA),12,52,50.1519,151.9757,203.03
P06681,Computational,2,23,11.0858,74.0341,567.83
P06681,Author/Curator,6,40,26.0515,138.7352,432.54
Q9BYD3,Experimental,3,17,10.9876,43.3512,294.55
Q9BYD3,High-throughput,2,11,5.3322,12.4337,133.18
Q9BYD3,Electronic (IEA),6,29,16.6612,49.4813,196.98
Q9BYD3,Computational,1,3,2.0434,4.3409,112.43
Q9BYD3,Author/Curator,2,17,10.5106,36.4803,247.08
URS00006A0CF3_9606,Electronic (IEA),1,21,2.3593,33.3957,1315.46
URS00008B9A70_9606,Electronic (IEA),1,21,2.3593,33.3957,1315.46
Q6VMQ6,Experimental,8,64,26.9694,141.7903,425.75
Q6VMQ6,Electronic (IEA),5,36,18.8171,81.5174,333.21
Q6VMQ6,Computational,4,28,13.0709,46.4902,255.68
Q6VMQ6,Author/Curator,1,3,2.4629,2.9914,21.46
Q15139,Experimental,31,168,167.1482,615.8678,268.46
Q15139,Electronic (IEA),49,236,253.9698,991.6908,290.48
Q15139,Computational,8,45,41.2421,146.9627,256.34
Q15139,Author/Curator,9,48,44.9962,152.3424,238.57
P53618,Experimental,3,11,6.7621,12.19,80.27
P53618,High-throughput,1,3,1.4567,1.9853,36.28
P53618,Electronic (IEA),16,49,78.7251,168.6262,114.2
P53618,Computational,3,18,20.9416,65.5553,213.04
P53618,Author/Curator,10,31,47.8414,90.7133,89.61
URS000256D266_9606,Electronic (IEA),1,5,6.7283,16.6833,147.96
URS0000DD6E97_9606,Electronic (IEA),2,10,4.0684,10.5183,158.53
URS00027EA8B1_9606,Electronic (IEA),1,10,4.141,21.8101,426.69
Q9HBG4,Experimental,12,52,66.3262,208.5716,214.46
Q9HBG4,High-throughput,2,15,7.4399,36.5875,391.77
Q9HBG4,Electronic (IEA),13,69,80.4319,294.7344,266.44
Q9HBG4,Computational,6,58,34.3924,234.207,580.98
Q9HBG4,Author/Curator,5,36,24.3807,125.6915,415.54
Q96M43,Electronic (IEA),1,3,1.8265,2.3551,28.94
URS000075D69B_9606,Electronic (IEA),1,21,2.3593,33.3957,1315.46
URS0001BA70E9_9606,Electronic (IEA),2,10,4.0684,10.5183,158.53
Q14254,Experimental,24,116,127.8065,419.8874,228.53
Q14254,High-throughput,3,14,9.0704,34.1069,276.03
Q14254,Electronic (IEA),18,73,98.5106,274.3724,178.52
Q14254,Computational,6,36,31.0201,92.4131,197.91
Q14254,Author/Curator,3,11,11.702,23.6929,102.47
Q3KNW5,Experimental,1,3,1.0314,2.0969,103.31
Q3KNW5,Electronic (IEA),7,22,34.8319,72.276,107.5
Q3KNW5,Computational,2,32,15.9176,159.6382,902.91
Q3KNW5,Author/Curator,3,36,17.918,163.6238,813.18
A0A0J9YWU9,Electronic (IEA),5,12,17.2241,25.9951,50.92
A0A0J9YWU9,Computational,2,14,11.0348,51.4057,365.85
Q96EY5,Experimental,10,31,50.5469,99.401,96.65
Q96EY5,High-throughput,1,9,2.9721,16.5244,455.98
Q96EY5,Electronic (IEA),8,39,35.0882,108.9616,210.54
Q96EY5,Computational,7,41,50.3431,160.1947,218.21
Q96EY5,Author/Curator,8,67,53.1754,268.9976,405.87
O00116,Experimental,4,22,21.8005,52.0916,138.95
O00116,High-throughput,3,13,11.1595,32.9171,194.97
O00116,Electronic (IEA),10,38,56.6551,130.872,131.0
O00116,Computational,5,33,35.8432,111.2208,210.3
O00116,Author/Curator,2,8,8.8376,26.2535,197.07
URS0000ECB976_9606,Electronic (IEA),2,10,4.0684,10.5183,158.53
P20749,Experimental,27,140,139.3986,495.9675,255.79
P20749,Electronic (IEA),13,77,45.126,179.2968,297.32
P20749,Computational,6,29,35.8177,83.7482,133.82
Q13464,Experimental,32,171,203.6856,745.7599,266.13
Q13464,Electronic (IEA),47,210,253.824,855.1421,236.9
Q13464,Computational,26,148,155.3601,584.7002,276.35
Q13464,Author/Curator,17,84,90.5771,322.2145,255.74
Q86YW0,Experimental,9,39,63.5767,148.9211,134.24
Q86YW0,Electronic (IEA),17,48,78.7193,142.9376,81.58
Q86YW0,Computational,3,22,19.8862,72.3336,263.74
Q86YW0,Author/Curator,2,13,9.5506,48.805,411.02
Q8IZ07,Experimental,7,42,39.3997,147.209,273.63
Q8IZ07,Electronic (IEA),5,37,26.913,117.4381,336.36
Q8IZ07,Computational,4,28,20.7624,74.0059,256.44
CPX-6203,Experimental,7,84,41.3277,316.1423,664.96
CPX-6203,Author/Curator,3,13,15.2529,37.6549,146.87
P02810,Experimental,1,3,1.0314,2.0969,103.31
P02810,Electronic (IEA),1,3,2.8401,3.3687,18.61
P02810,Author/Curator,1,3,3.0652,3.5938,17.24
URS00001E92A1_9606,Electronic (IEA),2,16,6.0993,26.6055,336.2
URS0002A41ADD_9606,Electronic (IEA),2,13,6.1315,22.7048,270.3
CPX-26451,Author/Curator,1,15,5.0766,41.6645,720.71
URS0002A30A0C_9606,Electronic (IEA),1,16,3.23,26.216,711.64
URS0000729058_9606,Electronic (IEA),1,21,2.3593,33.3957,1315.46
Q9H4Q3,Electronic (IEA),14,55,63.0762,151.8075,140.67
Q9H4Q3,Computational,3,25,9.2718,49.945,438.68
P11230,Experimental,16,74,90.2021,293.2155,225.06
P11230,Electronic (IEA),20,70,101.7305,278.9822,174.24
P11230,Computational,13,78,72.8157,307.9596,322.93
P11230,Author/Curator,2,12,8.8104,22.8081,158.88
P81877,Experimental,3,7,5.3208,6.9149,29.96
P81877,Electronic (IEA),3,12,10.2054,17.3069,69.59
P81877,Computational,3,38,10.2693,74.7083,627.49
P81877,Author/Curator,2,19,8.1672,32.101,293.05
Q8N6F8,Experimental,1,3,1.0314,2.0969,103.31
URS0002348599_9606,Electronic (IEA),2,14,4.1858,17.1188,308.97
URS0002335E3A_9606,Electronic (IEA),1,16,3.23,26.216,711.64
A0A286YFG1,Electronic (IEA),1,7,5.2352,20.5811,293.13
URS00006D4ADC_9606,Electronic (IEA),1,21,2.3593,33.3957,1315.46
URS0000565475_9606,Electronic (IEA),2,10,4.0684,10.5183,158.53
CPX-2645,Experimental,3,24,14.8288,64.9095,337.73
URS000062766E_9606,Electronic (IEA),2,12,4.3508,11.2581,158.76
Q96LU5,Experimental,1,7,3.2474,7.6098,134.34
Q96LU5,High-throughput,1,7,3.2474,7.6098,134.34
Q96LU5,Electronic (IEA),9,31,37.7545,83.799,121.96
Q96LU5,Computational,4,34,26.4149,119.1139,350.93
Q96LU5,Author/Curator,2,17,12.4254,44.8855,261.24
Q13368,Experimental,2,7,3.0318,6.0826,100.63
Q13368,Electronic (IEA),4,15,18.1986,41.1199,125.95
Q13368,Computational,4,10,16.3105,28.612,75.42
URS0000682E3E_9606,Electronic (IEA),2,12,4.3508,11.2581,158.76
P56962,Experimental,22,72,140.0725,301.7733,115.44
P56962,High-throughput,1,7,3.2474,7.6098,134.34
P56962,Electronic (IEA),18,58,88.9669,195.0838,119.28
P56962,Computational,13,63,73.0181,220.5119,202.0
P56962,Author/Curator,5,33,27.9605,116.3251,316.03
URS0001B95985_9606,Electronic (IEA),2,10,4.0684,10.5183,158.53
P28289,Experimental,6,24,39.2662,82.6732,110.55
P28289,Electronic (IEA),9,67,54.6589,267.6091,389.6
P28289,Computational,7,41,44.1203,144.3637,227.2
P28289,Author/Curator,1,3,2.1093,2.6379,25.06
URS0000EA4143_9606,Electronic (IEA),2,12,4.3508,11.2581,158.76
URS000075C929_9606,Electronic (IEA),2,26,5.4831,43.1538,687.03
CPX-98,Experimental,1,7,5.4452,25.7863,373.56
Q08211,Experimental,75,274,450.0742,1187.3734,163.82
Q08211,High-throughput,3,13,9.5477,21.4714,124.88
Q08211,Electronic (IEA),31,126,133.7495,389.7591,191.41
Q08211,Computational,15,92,73.0235,305.7354,318.68
Q08211,Author/Curator,6,24,20.7436,76.5641,269.1
O60384,Electronic (IEA),3,22,7.6269,35.9685,371.6
O60384,Author/Curator,1,3,3.2456,6.5857,102.92
URS0002A446A6_9606,Electronic (IEA),2,12,4.3508,11.2581,158.76
Q15906,Experimental,8,60,36.9804,183.1857,395.36
Q15906,Electronic (IEA),5,30,16.115,50.742,214.87
Q15906,Computational,3,19,18.9984,71.8878,278.39
Q15906,Author/Curator,8,56,26.0368,124.2558,377.23
URS00008B821D_9606,Electronic (IEA),2,13,6.1315,22.7048,270.3
URS00006C1514_9606,Electronic (IEA),1,21,2.3593,33.3957,1315.46
Q8WU90,Experimental,3,16,9.3941,47.722,408.0
Q8WU90,High-throughput,2,7,6.9581,14.9148,114.35
Q8WU90,Electronic (IEA),4,16,8.8039,23.0009,161.26
Q8WU90,Computational,2,13,8.1743,22.0655,169.94
Q8WU90,Author/Curator,1,3,2.1093,2.6379,25.06
Q6ZP01,Electronic (IEA),5,12,16.5786,25.8328,55.82
Q6ZP01,Computational,6,35,29.0753,96.1135,230.57
Q8TCV5,Experimental,1,3,1.0314,2.0969,103.31
Q8TCV5,Electronic (IEA),3,13,14.301,45.9943,221.62
Q8TCV5,Computational,4,32,19.4936,116.4407,497.33
Q93100,Experimental,2,21,8.5135,82.3271,867.02
Q93100,Electronic (IEA),5,27,27.6948,91.3496,229.84
Q93100,Computational,1,8,9.0507,34.4923,281.1
Q93100,Author/Curator,3,15,13.7085,48.2633,252.07
URS0000D58C4C_9606,Electronic (IEA),2,26,5.4831,43.1538,687.03
URS00008B80FB_9606,Electronic (IEA),2,13,6.1315,22.7048,270.3
Q49B96,Experimental,8,44,38.7,142.2962,267.69
Q49B96,High-throughput,1,7,3.2474,7.6098,134.34
Q49B96,Electronic (IEA),4,16,16.655,37.8195,127.08
Q49B96,Computational,2,18,13.3991,60.1696,349.06
Q49B96,Author/Curator,1,7,6.1062,22.7905,273.23
URS0000D5A79B_9606,Electronic (IEA),2,26,5.4831,43.1538,687.03
URS00006979EA_9606,Electronic (IEA),2,12,4.3508,11.2581,158.76
URS000233F250_9606,Electronic (IEA),2,16,6.0993,26.6055,336.2
