Protein,Raw_Count,Harmonized_Count,IC_Raw,IC_Harmonized,Improvement_Pct,BP_Raw,BP_Harmonized,MF_Raw,MF_Harmonized,CC_Raw,CC_Harmonized,IC_BP_Raw,IC_BP_Harmonized,IC_MF_Raw,IC_MF_Harmonized,IC_CC_Raw,IC_CC_Harmonized
O15060,12,74,35.2881,160.9988,356.24,4,42,6,24,2,8,13.6594,86.5987,17.381,65.79,4.2477,8.6101
Q9NYQ8,14,36,61.4672,104.0434,69.27,6,11,1,7,7,18,33.8874,48.6569,4.0124,13.2353,23.5674,42.1512
URS0000EA941F_9606,2,13,6.1315,22.7048,270.3,1,8,0,0,1,5,3.0647,13.0601,0.0,0.0,3.0668,9.6447
URS00006509A9_9606,1,21,2.3593,33.3957,1315.46,1,21,0,0,0,0,2.3593,33.3957,0.0,0.0,0.0,0.0
O96007,8,34,44.3114,127.1557,186.96,2,13,3,8,3,13,17.1614,61.3393,13.2889,30.5892,13.8611,35.2273
URS0000EF3D77_9606,2,12,4.3508,11.2581,158.76,1,5,0,0,1,7,2.1591,4.9139,0.0,0.0,2.1917,6.3441
URS0002A2FC8C_9606,2,12,4.3508,11.2581,158.76,1,5,0,0,1,7,2.1591,4.9139,0.0,0.0,2.1917,6.3441
URS00006A0D74_9606,1,21,2.3593,33.3957,1315.46,1,21,0,0,0,0,2.3593,33.3957,0.0,0.0,0.0,0.0
URS0002538CB4_9606,2,12,4.3508,11.2581,158.76,1,5,0,0,1,7,2.1591,4.9139,0.0,0.0,2.1917,6.3441
URS0002676007_9606,2,10,4.0684,10.5183,158.53,0,0,1,3,1,7,0.0,0.0,2.0434,4.3409,2.025,6.1774
URS0001C6CC66_9606,2,10,4.0684,10.5183,158.53,0,0,1,3,1,7,0.0,0.0,2.0434,4.3409,2.025,6.1774
CPX-10312,1,6,4.6415,16.6544,258.81,0,0,0,0,1,6,0.0,0.0,0.0,0.0,4.6415,16.6544
URS0000EF3370_9606,2,13,6.1315,22.7048,270.3,1,8,0,0,1,5,3.0647,13.0601,0.0,0.0,3.0668,9.6447
URS00026A26A6_9606,1,26,4.2272,50.7496,1100.55,1,26,0,0,0,0,4.2272,50.7496,0.0,0.0,0.0,0.0
URS00006F167C_9606,2,12,4.3508,11.2581,158.76,1,5,0,0,1,7,2.1591,4.9139,0.0,0.0,2.1917,6.3441
Q9BT73,8,19,34.7271,46.3165,33.37,3,10,3,5,2,4,24.2805,34.2759,6.9853,8.0509,3.4612,3.9898
Q9NUX5,29,135,214.5007,621.7523,189.86,13,91,11,28,5,16,104.6902,400.2995,83.2173,167.6359,26.5933,53.8169
P62273,18,53,72.9122,147.8451,102.77,2,10,3,10,13,33,9.0298,19.4276,7.236,18.9899,56.6464,109.4276
P0DSN6,8,31,33.8778,98.4481,190.6,4,20,2,7,2,4,19.2261,66.2141,11.1946,28.2483,3.4571,3.9857
URS000068C891_9606,2,12,4.3508,11.2581,158.76,1,5,0,0,1,7,2.1591,4.9139,0.0,0.0,2.1917,6.3441
URS000015DE7D_9606,2,16,6.0993,26.6055,336.2,1,9,1,7,0,0,2.9648,13.3626,3.1345,13.2429,0.0,0.0
Q9HAS3,22,66,154.516,350.662,126.94,10,31,8,26,4,9,79.5095,169.5349,61.4788,156.5138,13.5276,24.6132
URS0002FDE6CC_9606,2,10,4.0684,10.5183,158.53,0,0,1,3,1,7,0.0,0.0,2.0434,4.3409,2.025,6.1774
Q8NGT2,8,29,26.6543,77.3915,190.35,4,19,2,6,2,4,14.7481,55.0078,8.4491,18.3981,3.4571,3.9857
Q96BM1,7,55,35.1141,184.0958,424.28,3,33,1,5,3,17,16.5259,121.724,5.6495,17.3637,12.9387,45.0081
Q96R08,9,31,32.5353,83.96,158.06,4,19,3,8,2,4,14.7481,55.0078,14.3301,24.9665,3.4571,3.9857
Q5HYK7,10,44,34.0643,108.1006,217.34,2,26,3,6,5,12,11.7216,76.3731,12.1588,15.7245,10.1839,16.003
URS0000201643_9606,2,26,5.4831,43.1538,687.03,1,21,0,0,1,5,2.3593,33.3957,0.0,0.0,3.1238,9.7582
Q96JE9,19,95,93.5869,327.8536,250.32,6,56,3,7,10,32,35.9127,210.1521,11.3035,20.7039,46.3708,96.9976
Q5MNZ6,18,76,108.5499,314.2863,189.53,8,46,6,17,4,13,54.7544,211.7522,32.208,65.8751,21.5875,36.6589
URS000072EF54_9606,2,12,4.3508,11.2581,158.76,1,5,0,0,1,7,2.1591,4.9139,0.0,0.0,2.1917,6.3441
Q8WVT3,18,65,91.9508,222.6235,142.11,8,41,1,3,9,21,55.5245,163.6903,1.0314,2.0969,35.3949,56.8363
CPX-7744,2,12,5.1622,26.3037,409.54,1,9,0,0,1,3,3.7055,24.3184,0.0,0.0,1.4567,1.9853
O94927,11,55,58.5946,196.3531,235.1,4,32,1,3,6,20,25.275,125.7363,1.0314,2.0969,32.2881,68.5199
CPX-2554,1,17,5.6562,50.3547,790.26,1,17,0,0,0,0,5.6562,50.3547,0.0,0.0,0.0,0.0
URS0002652FEF_9606,2,10,4.0684,10.5183,158.53,0,0,1,3,1,7,0.0,0.0,2.0434,4.3409,2.025,6.1774
CPX-26573,2,10,13.7602,27.4231,99.29,1,7,1,3,0,0,6.2781,13.4775,7.4821,13.9456,0.0,0.0
Q99788,27,121,142.4416,477.6015,235.3,18,99,7,18,2,4,96.3771,380.416,42.6074,93.1998,3.4571,3.9857
URS000015B295_9606,8,73,48.5067,267.8957,452.29,6,63,1,7,1,3,40.6674,247.1971,4.774,17.1048,3.0652,3.5938
Q9HD67,29,88,147.5828,315.6879,113.91,4,25,13,36,12,27,20.1318,80.8494,66.1519,140.3285,61.2991,94.5101
URS00007591A8_9606,2,10,4.0684,10.5183,158.53,0,0,1,3,1,7,0.0,0.0,2.0434,4.3409,2.025,6.1774
Q9ULX5,29,106,120.4141,329.0955,173.3,9,42,8,36,12,28,52.0009,137.1197,25.5365,110.8829,42.8767,81.0929
Q6QAJ8,2,6,2.4881,4.0822,64.07,0,0,1,3,1,3,0.0,0.0,1.0314,2.0969,1.4567,1.9853
A6NDR6,13,68,57.186,186.174,225.56,9,44,3,17,1,7,44.6086,129.9451,10.7926,50.0817,1.7848,6.1472
URS0000EABFA4_9606,1,21,2.3593,33.3957,1315.46,1,21,0,0,0,0,2.3593,33.3957,0.0,0.0,0.0,0.0
URS000067E5AD_9606,1,21,2.3593,33.3957,1315.46,1,21,0,0,0,0,2.3593,33.3957,0.0,0.0,0.0,0.0
URS00008C0B68_9606,1,28,5.8398,62.4293,969.02,1,28,0,0,0,0,5.8398,62.4293,0.0,0.0,0.0,0.0
URS0000145B37_9606,2,10,4.0684,10.5183,158.53,0,0,1,3,1,7,0.0,0.0,2.0434,4.3409,2.025,6.1774
URS00001018F1_9606,2,10,4.0684,10.5183,158.53,0,0,1,3,1,7,0.0,0.0,2.0434,4.3409,2.025,6.1774
A6NHC0,9,30,34.8884,67.6856,94.01,1,7,6,15,2,8,3.3403,9.7641,26.1003,48.1112,5.4479,9.8103
URS0002D074FC_9606,2,10,4.0684,10.5183,158.53,0,0,1,3,1,7,0.0,0.0,2.0434,4.3409,2.025,6.1774
Q9NVF7,11,46,40.4797,126.0229,211.32,3,24,3,8,5,14,15.0541,78.3748,9.6425,22.0442,15.7831,25.6039
CPX-7108,4,35,11.0967,63.698,474.03,1,15,2,13,1,7,2.6963,23.6377,6.6156,33.9131,1.7848,6.1472
URS00009DD709_9606,2,10,4.0684,10.5183,158.53,0,0,1,3,1,7,0.0,0.0,2.0434,4.3409,2.025,6.1774
URS00006F671A_9606,2,12,4.3508,11.2581,158.76,1,5,0,0,1,7,2.1591,4.9139,0.0,0.0,2.1917,6.3441
Q9UDW1,10,54,51.9907,201.7325,288.02,4,20,2,14,4,20,25.1749,81.0558,9.6121,58.6995,17.2036,61.9772
URS00007E427B_9606,2,26,5.4831,43.1538,687.03,1,21,0,0,1,5,2.3593,33.3957,0.0,0.0,3.1238,9.7582
Q9Y5P0,11,34,37.4735,94.9651,153.42,6,24,3,6,2,4,22.4376,72.5814,11.5788,18.3981,3.4571,3.9857
CPX-2381,3,31,15.4972,81.3498,424.93,1,15,1,9,1,7,6.6898,36.6062,7.0225,38.5963,1.7848,6.1472
Q06495,49,148,319.0798,713.5843,123.64,34,108,6,20,9,20,255.8043,566.545,27.5075,86.1054,35.768,60.9339
URS00025C79A7_9606,2,10,4.0684,10.5183,158.53,0,0,1,3,1,7,0.0,0.0,2.0434,4.3409,2.025,6.1774
URS00005902FF_9606,2,10,4.0684,10.5183,158.53,0,0,1,3,1,7,0.0,0.0,2.0434,4.3409,2.025,6.1774
Q9H4Z3,15,84,84.2744,271.2812,221.9,5,42,6,29,4,13,24.9979,96.4546,42.8122,147.9962,16.4643,26.8304
O60749,27,74,135.1094,273.9621,102.77,5,30,11,18,11,26,31.2015,116.1486,58.4177,80.5649,45.4902,77.2485
URS00000598CD_9606,2,10,4.0684,10.5183,158.53,0,0,1,3,1,7,0.0,0.0,2.0434,4.3409,2.025,6.1774
URS000075A143_9606,2,12,4.3508,11.2581,158.76,1,5,0,0,1,7,2.1591,4.9139,0.0,0.0,2.1917,6.3441
Q68D85,5,27,17.5894,72.0932,309.87,2,14,2,9,1,4,10.311,43.8841,5.2781,24.2234,2.0004,3.9857
URS0000AAF39E_9606,5,28,19.8465,69.3835,249.6,2,12,1,6,2,10,7.7596,28.1519,4.1048,12.8342,7.9821,28.3974
URS0000EB7C4A_9606,2,13,6.1315,22.7048,270.3,1,8,0,0,1,5,3.0647,13.0601,0.0,0.0,3.0668,9.6447
Q8WW59,3,11,6.0636,11.4915,89.52,0,0,1,3,2,8,0.0,0.0,1.0314,2.0969,5.0322,9.3946
Q9Y2T6,12,68,65.6592,262.0969,299.18,8,58,2,6,2,4,48.7739,234.7342,13.4282,23.3771,3.4571,3.9857
URS0000EB5012_9606,2,12,4.3508,11.2581,158.76,1,5,0,0,1,7,2.1591,4.9139,0.0,0.0,2.1917,6.3441
URS00008C1F55_9606,2,16,6.0993,26.6055,336.2,1,9,1,7,0,0,2.9648,13.3626,3.1345,13.2429,0.0,0.0
Q9UGJ0,33,183,178.6929,771.0417,331.49,14,113,12,48,7,22,82.293,514.0378,72.0548,194.9383,24.3451,62.0656
URS00006D507B_9606,2,12,4.3508,11.2581,158.76,1,5,0,0,1,7,2.1591,4.9139,0.0,0.0,2.1917,6.3441
Q9NWB6,15,75,55.1172,188.6005,242.18,5,45,5,13,5,17,21.4124,113.0975,17.31,37.391,16.3948,38.112
P54252,44,177,230.9386,695.4465,201.14,23,131,10,18,11,28,140.4282,533.4706,48.4571,73.3624,42.0532,88.6136
Q9H7R5,13,71,38.4562,147.7831,284.29,4,38,6,21,3,12,11.3183,73.1222,17.8672,55.0241,9.2707,19.6368
Q5TID7,13,57,70.8031,203.4691,187.37,5,30,1,6,7,21,30.0997,120.5166,4.9398,15.3717,35.7636,67.5808
URS0000765A46_9606,1,16,3.23,26.216,711.64,1,16,0,0,0,0,3.23,26.216,0.0,0.0,0.0,0.0
URS0001B50DE3_9606,2,10,4.0684,10.5183,158.53,0,0,1,3,1,7,0.0,0.0,2.0434,4.3409,2.025,6.1774
Q5VZV1,12,38,51.1655,119.7192,133.98,3,15,6,14,3,9,19.8399,56.4035,26.3624,53.99,4.9633,9.3257
Q01955,22,81,121.4018,325.5341,168.15,10,48,6,19,6,14,58.8692,189.9457,28.6741,76.8534,33.8585,58.735
Q9UNK0,24,87,121.1312,342.9286,183.11,5,40,6,21,13,26,30.361,155.2263,34.2986,100.415,56.4716,87.2872
URS0000631D89_9606,2,16,6.0993,26.6055,336.2,1,9,1,7,0,0,2.9648,13.3626,3.1345,13.2429,0.0,0.0
Q8IXQ6,45,207,235.4205,795.7881,238.03,24,153,14,41,7,13,137.9863,602.9708,80.7586,171.7793,16.6756,21.038
URS00008BCE52_9606,1,5,3.1238,9.7582,212.38,0,0,0,0,1,5,0.0,0.0,0.0,0.0,3.1238,9.7582
Q8N8Y2,18,96,93.9898,383.023,307.52,5,36,2,17,11,43,26.7891,132.9834,8.3593,76.3859,58.8414,173.6538
O75363,3,15,11.3156,38.4552,239.84,1,5,0,0,2,10,6.517,20.1043,0.0,0.0,4.7986,18.3509
URS00006DCB39_9606,2,16,6.0993,26.6055,336.2,1,9,1,7,0,0,2.9648,13.3626,3.1345,13.2429,0.0,0.0
A0A286YEU6,8,30,30.5349,81.9596,168.41,4,19,3,8,1,3,14.7481,55.0078,14.3301,24.9665,1.4567,1.9853
URS0000EED2BF_9606,2,16,6.0993,26.6055,336.2,1,9,1,7,0,0,2.9648,13.3626,3.1345,13.2429,0.0,0.0
URS000029D9F1_9606,27,180,166.2816,811.3189,387.92,24,169,2,8,1,3,153.4242,785.6021,9.7922,22.123,3.0652,3.5938
URS00021805F2_9606,2,12,4.3508,11.2581,158.76,1,5,0,0,1,7,2.1591,4.9139,0.0,0.0,2.1917,6.3441
A0A0K0K1B3,5,21,17.6953,48.3157,173.04,3,11,0,0,2,10,10.0718,20.6176,0.0,0.0,7.6236,27.6981
URS0001A50FF9_9606,2,10,4.0684,10.5183,158.53,0,0,1,3,1,7,0.0,0.0,2.0434,4.3409,2.025,6.1774
P48059,23,92,100.0321,285.0642,184.97,12,66,5,14,6,12,66.1794,217.1905,14.8626,35.414,18.9901,32.4597
URS0001AAAB5C_9606,2,10,4.0684,10.5183,158.53,0,0,1,3,1,7,0.0,0.0,2.0434,4.3409,2.025,6.1774
P36639,24,70,150.0779,295.7732,97.08,4,31,15,25,5,14,26.5678,131.3034,110.0261,136.4644,13.484,28.0054
URS00025571E1_9606,2,10,4.0684,10.5183,158.53,0,0,1,3,1,7,0.0,0.0,2.0434,4.3409,2.025,6.1774
URS000233809E_9606,2,26,5.4831,43.1538,687.03,1,21,0,0,1,5,2.3593,33.3957,0.0,0.0,3.1238,9.7582
CPX-10344,3,26,12.535,71.6024,471.22,2,16,1,10,0,0,7.3842,42.2283,5.1507,29.3741,0.0,0.0
URS000063B456_9606,2,12,4.3508,11.2581,158.76,1,5,0,0,1,7,2.1591,4.9139,0.0,0.0,2.1917,6.3441
Q8NC24,7,36,33.1664,108.9093,228.37,2,24,2,5,3,7,13.3152,78.1794,7.4574,11.9767,12.3938,18.7532
Q9H967,8,38,31.6577,94.7749,199.37,2,22,3,6,3,10,11.3193,63.9017,6.721,9.4601,13.6175,21.4131
CPX-5997,4,34,25.6916,119.0797,363.5,2,18,2,16,0,0,12.4766,55.3342,13.2149,63.7455,0.0,0.0
P06748,68,243,350.8465,988.4095,181.72,33,165,19,45,16,33,194.5522,694.1125,93.0583,188.3403,63.2361,105.9567
URS00007082D4_9606,2,16,6.0993,26.6055,336.2,1,9,1,7,0,0,2.9648,13.3626,3.1345,13.2429,0.0,0.0
URS0000297DC4_9606,2,16,6.0993,26.6055,336.2,1,9,1,7,0,0,2.9648,13.3626,3.1345,13.2429,0.0,0.0
URS00002034DC_9606,2,16,6.0993,26.6055,336.2,1,9,1,7,0,0,2.9648,13.3626,3.1345,13.2429,0.0,0.0
Q08174,11,30,40.6632,75.2431,85.04,4,14,2,9,5,7,17.7971,41.5941,8.1987,18.453,14.6674,15.196
URS0000688BBE_9606,1,21,2.3593,33.3957,1315.46,1,21,0,0,0,0,2.3593,33.3957,0.0,0.0,0.0,0.0
P22223,31,121,175.7427,525.1639,198.83,21,97,4,11,6,13,137.8613,457.5231,17.0136,29.2242,20.8678,38.4167
URS0002538338_9606,2,10,4.0684,10.5183,158.53,0,0,1,3,1,7,0.0,0.0,2.0434,4.3409,2.025,6.1774
URS0000564D66_9606,2,48,10.7156,126.0033,1075.88,1,41,1,7,0,0,5.9416,108.8985,4.774,17.1048,0.0,0.0
URS0000EF0334_9606,1,16,3.23,26.216,711.64,1,16,0,0,0,0,3.23,26.216,0.0,0.0,0.0,0.0
Q96LM5,1,3,1.0314,2.0969,103.31,0,0,1,3,0,0,0.0,0.0,1.0314,2.0969,0.0,0.0
Q502X0,6,27,19.0715,65.1817,241.78,2,11,1,3,3,13,7.4015,33.3095,1.0314,2.0969,10.6387,29.7753
Q9NY25,14,69,68.752,211.7149,207.94,8,51,2,6,4,12,38.9253,154.4676,11.194,19.4967,18.6327,37.7506
URS0000D5994F_9606,2,12,4.3508,11.2581,158.76,1,5,0,0,1,7,2.1591,4.9139,0.0,0.0,2.1917,6.3441
URS0000705743_9606,2,26,5.4831,43.1538,687.03,1,21,0,0,1,5,2.3593,33.3957,0.0,0.0,3.1238,9.7582
Q9NUY8,14,46,68.0551,151.8035,123.06,8,27,1,3,5,16,45.0627,106.4921,1.0314,2.0969,21.961,43.2145
P13232,25,156,139.3271,650.6278,366.98,17,136,5,14,3,6,102.3791,579.9488,26.6555,55.4837,10.2926,15.1953
URS0000D5B869_9606,1,10,6.8989,32.2374,367.28,1,10,0,0,0,0,6.8989,32.2374,0.0,0.0,0.0,0.0
CPX-6175,5,53,33.1276,195.6705,490.66,2,24,2,22,1,7,15.6299,102.8135,14.2504,85.2473,3.2474,7.6098
URS0002A56366_9606,2,12,4.3508,11.2581,158.76,1,5,0,0,1,7,2.1591,4.9139,0.0,0.0,2.1917,6.3441
URS0002311756_9606,2,26,5.4831,43.1538,687.03,1,21,0,0,1,5,2.3593,33.3957,0.0,0.0,3.1238,9.7582
CPX-2322,4,59,16.8882,158.7092,839.76,2,37,1,15,1,7,7.9696,81.8016,7.1338,70.7604,1.7848,6.1472
Q8WTT0,13,42,58.2441,139.6906,139.84,4,18,4,11,5,13,18.9602,68.8352,14.755,28.0071,24.529,42.8482
Q8TAI7,16,67,59.0648,209.1949,254.18,5,26,7,35,4,6,24.0615,81.5811,24.719,116.8009,10.2843,10.8128
URS0000649314_9606,2,12,4.3508,11.2581,158.76,1,5,0,0,1,7,2.1591,4.9139,0.0,0.0,2.1917,6.3441
Q6ZS81,5,23,20.4011,50.9751,149.86,2,8,1,3,2,12,11.0518,23.5838,1.0314,2.0969,8.3179,25.2943
P61086,21,129,107.0944,459.956,329.49,9,87,8,32,4,10,59.7246,333.9721,33.8794,108.1311,13.4904,17.8528
P06681,26,91,131.4484,326.3622,148.28,13,57,6,15,7,19,78.6852,225.8153,20.5461,41.7084,32.2171,58.8384
Q9BYD3,10,39,32.5926,91.3811,180.37,2,10,3,7,5,22,9.0711,19.4689,5.1597,9.8181,18.3618,62.0942
URS00006A0CF3_9606,1,21,2.3593,33.3957,1315.46,1,21,0,0,0,0,2.3593,33.3957,0.0,0.0,0.0,0.0
URS00008B9A70_9606,1,21,2.3593,33.3957,1315.46,1,21,0,0,0,0,2.3593,33.3957,0.0,0.0,0.0,0.0
Q6VMQ6,13,86,46.436,202.9803,337.12,5,58,4,15,4,13,18.8282,137.4643,15.0561,44.918,12.5516,20.598
Q15139,77,345,420.0547,1489.9958,254.71,49,277,16,43,12,25,303.0881,1259.9896,72.9275,155.0567,44.039,74.9496
P53618,26,59,121.9373,211.0692,73.1,6,19,2,4,18,36,31.0699,67.2534,2.9507,4.0163,87.9167,139.7995
URS000256D266_9606,1,5,6.7283,16.6833,147.96,1,5,0,0,0,0,6.7283,16.6833,0.0,0.0,0.0,0.0
URS0000DD6E97_9606,2,10,4.0684,10.5183,158.53,0,0,1,3,1,7,0.0,0.0,2.0434,4.3409,2.025,6.1774
URS00027EA8B1_9606,1,10,4.141,21.8101,426.69,1,10,0,0,0,0,4.141,21.8101,0.0,0.0,0.0,0.0
Q9HBG4,27,109,154.222,475.0657,208.04,9,39,3,19,15,51,56.9765,172.5601,14.5308,85.5593,82.7147,216.9464
Q96M43,1,3,1.8265,2.3551,28.94,0,0,0,0,1,3,0.0,0.0,0.0,0.0,1.8265,2.3551
URS000075D69B_9606,1,21,2.3593,33.3957,1315.46,1,21,0,0,0,0,2.3593,33.3957,0.0,0.0,0.0,0.0
URS0001BA70E9_9606,2,10,4.0684,10.5183,158.53,0,0,1,3,1,7,0.0,0.0,2.0434,4.3409,2.025,6.1774
Q14254,37,155,195.6478,593.1968,203.2,13,92,2,5,22,58,78.8282,357.7671,6.7499,10.8173,110.0696,224.6124
Q3KNW5,11,45,53.7813,196.7309,265.8,6,18,3,23,2,4,34.7683,76.2637,15.556,116.4815,3.4571,3.9857
A0A0J9YWU9,7,21,28.2589,64.8729,129.57,3,11,1,3,3,7,13.0447,45.256,5.0842,6.1497,10.13,13.4672
Q96EY5,26,108,137.5767,413.4936,200.56,12,70,4,8,10,30,84.5718,301.0886,15.8506,26.1089,37.1543,86.2962
O00116,15,46,71.2282,160.8757,125.86,3,11,6,15,6,20,16.0574,44.3745,29.3498,52.0353,25.821,64.4659
URS0000ECB976_9606,2,10,4.0684,10.5183,158.53,0,0,1,3,1,7,0.0,0.0,2.0434,4.3409,2.025,6.1774
P20749,37,158,175.8672,544.7935,209.78,22,129,7,13,8,16,112.4567,450.1491,29.1767,42.9613,34.2338,51.6832
Q13464,85,326,482.2975,1448.8163,200.4,58,255,14,37,13,34,361.8311,1209.1622,61.6492,125.198,58.8172,114.456
Q86YW0,24,62,124.5191,216.784,74.1,8,21,8,25,8,16,46.458,73.9282,47.9002,106.0006,30.1609,36.8553
Q8IZ07,8,42,45.2077,147.209,225.63,3,22,1,5,4,15,24.3558,94.1634,7.6644,21.4249,13.1876,31.6207
CPX-6203,10,95,56.5806,352.7316,523.41,4,70,4,19,2,6,24.5586,265.8698,20.7816,62.4423,11.2405,24.4195
P02810,3,7,6.9367,8.5308,22.98,0,0,1,3,2,4,0.0,0.0,1.0314,2.0969,5.9053,6.4339
URS00001E92A1_9606,2,16,6.0993,26.6055,336.2,1,9,1,7,0,0,2.9648,13.3626,3.1345,13.2429,0.0,0.0
URS0002A41ADD_9606,2,13,6.1315,22.7048,270.3,1,8,0,0,1,5,3.0647,13.0601,0.0,0.0,3.0668,9.6447
CPX-26451,1,15,5.0766,41.6645,720.71,1,15,0,0,0,0,5.0766,41.6645,0.0,0.0,0.0,0.0
URS0002A30A0C_9606,1,16,3.23,26.216,711.64,1,16,0,0,0,0,3.23,26.216,0.0,0.0,0.0,0.0
URS0000729058_9606,1,21,2.3593,33.3957,1315.46,1,21,0,0,0,0,2.3593,33.3957,0.0,0.0,0.0,0.0
Q9H4Q3,15,63,64.4777,161.1076,149.87,6,33,8,23,1,7,31.982,82.9544,30.7109,72.0059,1.7848,6.1472
P11230,35,103,185.7013,425.9844,129.39,17,48,10,32,8,23,97.9422,200.1723,52.4098,140.9813,35.3494,84.8308
P81877,9,45,26.445,90.8106,243.39,2,25,4,11,3,9,5.9724,50.0809,14.3983,30.2931,6.0742,10.4366
Q8N6F8,1,3,1.0314,2.0969,103.31,0,0,1,3,0,0,0.0,0.0,1.0314,2.0969,0.0,0.0
URS0002348599_9606,2,14,4.1858,17.1188,308.97,1,9,1,5,0,0,1.4016,9.5107,2.7842,7.6082,0.0,0.0
URS0002335E3A_9606,1,16,3.23,26.216,711.64,1,16,0,0,0,0,3.23,26.216,0.0,0.0,0.0,0.0
A0A286YFG1,1,7,5.2352,20.5811,293.13,0,0,0,0,1,7,0.0,0.0,0.0,0.0,5.2352,20.5811
URS00006D4ADC_9606,1,21,2.3593,33.3957,1315.46,1,21,0,0,0,0,2.3593,33.3957,0.0,0.0,0.0,0.0
URS0000565475_9606,2,10,4.0684,10.5183,158.53,0,0,1,3,1,7,0.0,0.0,2.0434,4.3409,2.025,6.1774
CPX-2645,3,24,14.8288,64.9095,337.73,2,15,1,9,0,0,7.8062,26.3132,7.0225,38.5963,0.0,0.0
URS000062766E_9606,2,12,4.3508,11.2581,158.76,1,5,0,0,1,7,2.1591,4.9139,0.0,0.0,2.1917,6.3441
Q96LU5,12,43,60.922,159.2526,161.4,3,12,5,9,4,22,20.0755,44.5404,21.771,31.8322,19.0754,82.88
Q13368,6,15,23.5712,41.1199,74.45,0,0,2,5,4,10,0.0,0.0,7.2607,12.5079,16.3105,28.612
URS0000682E3E_9606,2,12,4.3508,11.2581,158.76,1,5,0,0,1,7,2.1591,4.9139,0.0,0.0,2.1917,6.3441
P56962,41,112,229.7535,472.3695,105.6,15,56,5,12,21,44,94.4165,244.8421,23.82,43.1269,111.517,184.4006
URS0001B95985_9606,2,10,4.0684,10.5183,158.53,0,0,1,3,1,7,0.0,0.0,2.0434,4.3409,2.025,6.1774
P28289,16,92,95.8564,384.0384,300.64,5,63,2,6,9,23,35.3157,280.0907,12.4143,18.2215,48.1265,85.7263
URS0000EA4143_9606,2,12,4.3508,11.2581,158.76,1,5,0,0,1,7,2.1591,4.9139,0.0,0.0,2.1917,6.3441
URS000075C929_9606,2,26,5.4831,43.1538,687.03,1,21,0,0,1,5,2.3593,33.3957,0.0,0.0,3.1238,9.7582
CPX-98,1,7,5.4452,25.7863,373.56,0,0,1,7,0,0,0.0,0.0,5.4452,25.7863,0.0,0.0
Q08211,101,331,565.3336,1421.5159,151.45,43,206,41,90,17,35,256.3555,873.9064,237.3696,427.1435,71.6085,120.466
O60384,4,24,10.8725,42.1762,287.92,1,14,3,10,0,0,2.4344,20.9414,8.4381,21.2348,0.0,0.0
URS0002A446A6_9606,2,12,4.3508,11.2581,158.76,1,5,0,0,1,7,2.1591,4.9139,0.0,0.0,2.1917,6.3441
Q15906,20,105,79.8915,312.9599,291.73,11,73,4,9,5,23,45.0893,209.7971,16.609,31.4741,18.1932,71.6887
URS00008B821D_9606,2,13,6.1315,22.7048,270.3,1,8,0,0,1,5,3.0647,13.0601,0.0,0.0,3.0668,9.6447
URS00006C1514_9606,1,21,2.3593,33.3957,1315.46,1,21,0,0,0,0,2.3593,33.3957,0.0,0.0,0.0,0.0
Q8WU90,10,41,31.2211,101.1637,224.02,2,19,5,13,3,9,12.3184,62.2042,13.1821,28.8764,5.7207,10.0831
Q6ZP01,8,35,32.8337,96.1135,192.73,1,15,4,10,3,10,5.0766,41.6645,12.8478,24.3578,14.9093,30.0912
Q8TCV5,7,35,28.8102,120.9997,319.99,2,19,3,12,2,4,10.4126,70.2212,12.4923,44.3445,5.9053,6.4339
Q93100,9,34,43.264,128.0636,196.0,4,18,2,4,3,12,23.74,80.2302,6.3637,7.4292,13.1604,40.4042
URS0000D58C4C_9606,2,26,5.4831,43.1538,687.03,1,21,0,0,1,5,2.3593,33.3957,0.0,0.0,3.1238,9.7582
URS00008B80FB_9606,2,13,6.1315,22.7048,270.3,1,8,0,0,1,5,3.0647,13.0601,0.0,0.0,3.0668,9.6447
Q49B96,9,45,43.892,147.4883,236.03,4,28,2,4,3,13,25.2594,107.272,7.1697,8.2353,11.4629,31.981
URS0000D5A79B_9606,2,26,5.4831,43.1538,687.03,1,21,0,0,1,5,2.3593,33.3957,0.0,0.0,3.1238,9.7582
URS00006979EA_9606,2,12,4.3508,11.2581,158.76,1,5,0,0,1,7,2.1591,4.9139,0.0,0.0,2.1917,6.3441
URS000233F250_9606,2,16,6.0993,26.6055,336.2,1,9,1,7,0,0,2.9648,13.3626,3.1345,13.2429,0.0,0.0
Q8N394,9,40,41.1332,118.7362,188.66,2,20,4,10,3,10,13.0287,68.1188,19.636,35.4124,8.4685,15.205
Q0GE19,13,62,56.6611,207.4859,266.19,6,40,2,8,5,14,33.2632,155.7209,6.6876,23.9521,16.7103,27.813
URS0002345345_9606,2,12,4.3508,11.2581,158.76,1,5,0,0,1,7,2.1591,4.9139,0.0,0.0,2.1917,6.3441
URS000064F41A_9606,1,21,2.3593,33.3957,1315.46,1,21,0,0,0,0,2.3593,33.3957,0.0,0.0,0.0,0.0
Q7Z7H5,10,55,48.6538,156.4889,221.64,5,38,0,0,5,17,24.8082,110.2571,0.0,0.0,23.8457,46.2318
O14683,2,11,5.6021,15.1308,170.09,1,8,0,0,1,3,4.1454,13.1455,0.0,0.0,1.4567,1.9853
URS00008BAFFA_9606,2,13,6.1315,22.7048,270.3,1,8,0,0,1,5,3.0647,13.0601,0.0,0.0,3.0668,9.6447
URS00008BB275_9606,2,12,4.3508,11.2581,158.76,1,5,0,0,1,7,2.1591,4.9139,0.0,0.0,2.1917,6.3441
Q0VDF9,15,46,56.6818,127.0865,124.21,3,6,6,26,6,14,21.9071,30.8158,23.5719,78.3736,11.2027,17.8971
URS000233B6AE_9606,2,12,4.3508,11.2581,158.76,1,5,0,0,1,7,2.1591,4.9139,0.0,0.0,2.1917,6.3441
URS00000A0345_9606,2,10,4.0684,10.5183,158.53,0,0,1,3,1,7,0.0,0.0,2.0434,4.3409,2.025,6.1774
URS0000120E41_9606,2,16,6.0993,26.6055,336.2,1,9,1,7,0,0,2.9648,13.3626,3.1345,13.2429,0.0,0.0
URS0000D60FBB_9606,1,9,1.4016,9.5107,578.57,1,9,0,0,0,0,1.4016,9.5107,0.0,0.0,0.0,0.0
URS0002A698AA_9606,2,12,4.3508,11.2581,158.76,1,5,0,0,1,7,2.1591,4.9139,0.0,0.0,2.1917,6.3441
Q9UHV7,17,86,73.5273,242.6869,230.06,8,60,5,14,4,12,35.2068,166.776,25.5936,54.6831,12.727,21.2278
O15258,13,36,63.6807,127.308,99.92,3,15,2,5,8,16,23.5761,73.2499,8.9189,13.2264,31.1856,40.8316
Q5JSJ4,4,23,22.7185,66.9074,194.51,1,13,1,3,2,7,7.4821,40.0682,3.3576,6.2359,11.8788,20.6034
URS0002A1C10D_9606,2,12,4.3508,11.2581,158.76,1,5,0,0,1,7,2.1591,4.9139,0.0,0.0,2.1917,6.3441
P27695,53,169,292.7287,655.449,123.91,14,87,29,59,10,23,78.8337,277.6404,182.6008,319.6939,31.2942,58.1147
Q00325,13,49,66.2591,175.7382,165.23,3,15,5,16,5,18,23.8946,63.3935,28.2835,72.0838,14.081,40.2609
P0DPF6,1,3,1.0314,2.0969,103.31,0,0,1,3,0,0,0.0,0.0,1.0314,2.0969,0.0,0.0
A0A1W2PQ64,10,56,52.363,156.6876,199.23,4,34,4,11,2,11,21.2486,84.1537,21.8475,47.4733,9.2669,25.0606
Q14166,18,110,81.3067,403.7548,396.58,5,52,6,42,7,16,22.4022,181.6719,36.033,188.4595,22.8715,33.6234
Q8NE28,4,24,14.7042,68.182,363.69,0,0,4,24,0,0,0.0,0.0,14.7042,68.182,0.0,0.0
CPX-2212,4,59,16.8882,158.7092,839.76,2,37,1,15,1,7,7.9696,81.8016,7.1338,70.7604,1.7848,6.1472
P57087,21,84,127.8543,360.0937,181.64,10,63,2,7,9,14,74.3273,288.2562,6.6226,18.5701,46.9044,53.2674
URS0000376F67_9606,2,16,6.0993,26.6055,336.2,1,9,1,7,0,0,2.9648,13.3626,3.1345,13.2429,0.0,0.0
Q13510,30,128,150.0065,489.3997,226.25,11,79,7,18,12,31,65.3812,318.8444,39.1371,74.4492,45.4881,96.1061
URS00005026AE_9606,2,16,6.0993,26.6055,336.2,1,9,1,7,0,0,2.9648,13.3626,3.1345,13.2429,0.0,0.0
URS000095E0B3_9606,2,13,6.1315,22.7048,270.3,1,8,0,0,1,5,3.0647,13.0601,0.0,0.0,3.0668,9.6447
URS00008C3634_9606,1,21,2.3593,33.3957,1315.46,1,21,0,0,0,0,2.3593,33.3957,0.0,0.0,0.0,0.0
URS00025B3F6F_9606,1,26,4.2272,50.7496,1100.55,1,26,0,0,0,0,4.2272,50.7496,0.0,0.0,0.0,0.0
Q9P107,12,45,39.7388,114.5012,188.13,5,23,4,16,3,6,21.917,62.2744,11.2493,43.669,6.5726,8.5578
Q5JT25,17,68,73.5621,219.6828,198.64,5,26,7,28,5,14,32.6523,107.7754,24.2753,84.1702,16.6345,27.7372
Q9P2S2,29,113,174.6272,508.2731,191.06,18,82,5,18,6,13,121.0695,401.5779,24.8911,61.538,28.6666,45.1572
URS0000B6D275_9606,2,10,4.0684,10.5183,158.53,0,0,1,3,1,7,0.0,0.0,2.0434,4.3409,2.025,6.1774
URS0000D5BDA4_9606,3,25,17.3228,64.4868,272.27,1,11,1,6,1,8,4.9139,26.3436,4.9268,14.1249,7.4821,24.0183
Q3LI70,3,11,8.3759,24.7873,195.94,0,0,1,3,2,8,0.0,0.0,1.0314,2.0969,7.3445,22.6904
URS0000671E90_9606,2,12,4.3508,11.2581,158.76,1,5,0,0,1,7,2.1591,4.9139,0.0,0.0,2.1917,6.3441
URS00006964D3_9606,1,21,2.3593,33.3957,1315.46,1,21,0,0,0,0,2.3593,33.3957,0.0,0.0,0.0,0.0
P0DPR3,4,15,14.7177,40.226,173.32,2,5,0,0,2,10,7.0941,12.5279,0.0,0.0,7.6236,27.6981
Q9C0D2,15,82,85.8153,316.6644,269.01,7,56,1,6,7,20,50.6754,237.3351,4.9398,15.3717,30.2,63.9576
URS0000640B31_9606,2,12,4.3508,11.2581,158.76,1,5,0,0,1,7,2.1591,4.9139,0.0,0.0,2.1917,6.3441
P42345,112,434,665.8011,2076.0784,211.82,71,330,20,55,21,49,466.7846,1652.2844,111.0047,248.3794,88.0118,175.4146
URS00009A3F45_9606,1,21,2.3593,33.3957,1315.46,1,21,0,0,0,0,2.3593,33.3957,0.0,0.0,0.0,0.0
URS00022048D2_9606,2,10,4.0684,10.5183,158.53,0,0,1,3,1,7,0.0,0.0,2.0434,4.3409,2.025,6.1774
URS00007261E0_9606,2,12,4.3508,11.2581,158.76,1,5,0,0,1,7,2.1591,4.9139,0.0,0.0,2.1917,6.3441
URS0002A5448D_9606,2,8,3.6114,7.9738,120.8,0,0,0,0,2,8,0.0,0.0,0.0,0.0,3.6114,7.9738
Q9NZJ7,10,59,45.8902,200.6932,337.33,5,39,2,6,3,14,27.217,145.044,8.7471,21.9387,9.9261,33.7105
Q5XKR9,1,3,1.0314,2.0969,103.31,0,0,1,3,0,0,0.0,0.0,1.0314,2.0969,0.0,0.0
Q9NQZ5,15,80,80.7595,315.4284,290.58,5,47,5,12,5,21,36.9086,199.8866,25.3395,55.6335,18.5115,59.9083
CPX-2518,4,50,13.9966,107.7163,669.59,1,26,2,17,1,7,3.7424,50.7721,8.4693,50.797,1.7848,6.1472
Q03938,10,56,27.7767,110.9016,299.26,3,28,6,21,1,7,7.958,49.7302,18.0339,55.0241,1.7848,6.1472
Q5MCW4,10,57,25.5626,111.933,337.88,3,28,6,22,1,7,7.958,49.7302,15.8197,56.0555,1.7848,6.1472
Q6DT37,18,60,67.2047,162.2081,141.36,3,19,11,31,4,10,15.7325,54.6231,37.4093,89.3696,14.063,18.2154
URS00006C73AE_9606,1,21,2.3593,33.3957,1315.46,1,21,0,0,0,0,2.3593,33.3957,0.0,0.0,0.0,0.0
A6NH11,9,64,57.648,239.3881,315.26,4,40,3,20,2,4,29.9277,129.0801,23.7845,105.8436,3.9358,4.4644
URS000230F5A9_9606,1,21,2.3593,33.3957,1315.46,1,21,0,0,0,0,2.3593,33.3957,0.0,0.0,0.0,0.0
Q69YQ0,14,32,63.9181,92.2997,44.4,3,10,2,4,9,18,13.2452,28.1877,6.9294,7.9949,43.7436,56.1171
URS00005CACA0_9606,11,75,58.8318,266.5501,353.07,9,65,1,7,1,3,50.9925,245.8515,4.774,17.1048,3.0652,3.5938
URS00008BFCB6_9606,2,13,6.1315,22.7048,270.3,1,8,0,0,1,5,3.0647,13.0601,0.0,0.0,3.0668,9.6447
O14920,51,235,281.798,950.9286,237.45,29,171,15,37,7,27,181.5554,727.5752,66.8751,127.7093,33.3674,95.6441
URS0002A1F8B1_9606,2,16,6.0993,26.6055,336.2,1,9,1,7,0,0,2.9648,13.3626,3.1345,13.2429,0.0,0.0
URS0000A8A283_9606,2,26,5.4831,43.1538,687.03,1,21,0,0,1,5,2.3593,33.3957,0.0,0.0,3.1238,9.7582
URS00001D030F_9606,2,10,4.0684,10.5183,158.53,0,0,1,3,1,7,0.0,0.0,2.0434,4.3409,2.025,6.1774
O95218,10,34,30.6135,68.5037,123.77,3,12,5,14,2,8,11.1345,26.4679,15.2313,33.4257,4.2477,8.6101
URS00008BC177_9606,1,16,2.0375,21.7575,967.86,1,16,0,0,0,0,2.0375,21.7575,0.0,0.0,0.0,0.0
O60494,37,96,180.2358,367.3399,103.81,10,33,7,18,20,45,59.1507,139.994,29.0796,59.9584,92.0055,167.3875
URS0000A79E15_9606,2,13,6.1315,22.7048,270.3,1,8,0,0,1,5,3.0647,13.0601,0.0,0.0,3.0668,9.6447
Q53GL0,8,27,32.0698,67.4172,110.22,1,8,1,3,6,16,6.5826,21.4493,1.0314,2.0969,24.4558,43.8709
O95777,18,54,75.4503,154.3753,104.61,5,24,4,8,9,22,21.6959,65.2516,12.0498,18.6944,41.7047,70.4293
Q5W5X9,3,26,12.7732,57.6107,351.03,1,16,1,3,1,7,7.4413,42.649,1.0314,2.0969,4.3006,12.8648
URS000075B63F_9606,1,9,2.9721,16.5244,455.98,0,0,0,0,1,9,0.0,0.0,0.0,0.0,2.9721,16.5244
Q6ZP29,14,52,94.583,261.8334,176.83,7,30,5,14,2,8,53.5319,165.2453,34.2093,75.9964,6.8419,20.5917
A0A075B6I3,6,12,20.4733,25.9951,26.97,3,5,0,0,3,7,10.3433,12.5279,0.0,0.0,10.13,13.4672
Q6UWY2,10,34,43.0432,108.5689,152.23,2,8,5,14,3,12,8.1627,14.5865,22.8149,51.1868,12.0656,42.7956
Q8N138,17,89,95.0085,345.7059,263.87,9,65,1,3,7,21,63.8833,280.2298,1.0314,2.0969,30.0938,63.3792
URS00008B86DE_9606,2,13,6.1315,22.7048,270.3,1,8,0,0,1,5,3.0647,13.0601,0.0,0.0,3.0668,9.6447
Q9Y315,14,64,75.0562,285.8838,280.89,5,40,2,6,7,18,37.3826,206.6775,15.945,33.2433,21.7287,45.9631
Q9BQG2,25,108,151.6019,438.9086,189.51,9,64,12,29,4,15,65.011,261.7262,70.4274,134.113,16.1635,43.0694
URS00007E1351_9606,2,10,4.0684,10.5183,158.53,0,0,1,3,1,7,0.0,0.0,2.0434,4.3409,2.025,6.1774
P49773,25,126,106.7631,417.5183,291.07,9,83,9,21,7,22,43.0176,288.2675,42.6401,82.9056,21.1055,46.3452
CPX-2850,4,40,19.8257,143.7542,625.09,1,18,1,14,2,8,7.1636,63.0727,9.0507,72.7078,3.6114,7.9738
P30838,16,33,80.6263,115.6438,43.43,3,7,8,15,5,11,15.8074,18.5622,52.854,80.7544,11.9648,16.3272
Q15438,14,47,59.8269,149.7449,150.3,4,20,3,9,7,18,22.9231,63.1303,9.9574,26.0102,26.9463,60.6044
URS000075D78D_9606,1,21,2.3593,33.3957,1315.46,1,21,0,0,0,0,2.3593,33.3957,0.0,0.0,0.0,0.0
Q8N841,22,85,116.42,309.8297,166.13,3,31,10,30,9,24,23.2378,120.4024,53.8199,113.2218,39.3623,76.2055
URS0002A544E7_9606,2,12,4.3508,11.2581,158.76,1,5,0,0,1,7,2.1591,4.9139,0.0,0.0,2.1917,6.3441
URS0000EF438B_9606,2,12,4.3508,11.2581,158.76,1,5,0,0,1,7,2.1591,4.9139,0.0,0.0,2.1917,6.3441
CPX-7724,3,20,16.6895,57.1942,242.7,2,14,1,6,0,0,11.5746,36.7139,5.1149,20.4803,0.0,0.0
URS0002A408FB_9606,1,5,3.1238,9.7582,212.38,0,0,0,0,1,5,0.0,0.0,0.0,0.0,3.1238,9.7582
URS000020335A_9606,2,12,4.3508,11.2581,158.76,1,5,0,0,1,7,2.1591,4.9139,0.0,0.0,2.1917,6.3441
URS0001B57E4B_9606,2,10,4.0684,10.5183,158.53,0,0,1,3,1,7,0.0,0.0,2.0434,4.3409,2.025,6.1774
Q9C0K0,17,84,67.2097,223.5161,232.57,5,43,8,24,4,17,28.0794,113.0155,23.7987,65.0747,15.3316,45.4259
Q71UI9,10,54,39.3927,116.6309,196.07,2,26,4,10,4,18,7.6345,50.7496,16.5136,25.8705,15.2445,40.0108
O75556,4,20,14.6524,54.8085,274.06,1,13,1,3,2,4,7.7157,46.2777,1.0314,2.0969,5.9053,6.4339
P14770,10,59,50.6835,204.2427,302.98,7,52,1,3,2,4,46.195,198.1601,1.0314,2.0969,3.4571,3.9857
URS0000D5811B_9606,2,13,6.1315,22.7048,270.3,1,8,0,0,1,5,3.0647,13.0601,0.0,0.0,3.0668,9.6447
Q9HCM9,21,144,81.9796,503.6781,514.39,11,115,6,19,4,10,56.9172,439.8791,16.0944,50.4685,8.968,13.3304
A0A1W2PPG7,5,21,22.2429,48.5302,118.18,2,7,1,4,2,10,5.6413,8.8282,7.5246,9.6216,9.077,30.0805
URS00006B28DB_9606,5,29,28.6478,83.5199,191.54,2,13,2,8,1,8,8.7551,33.9875,12.368,25.4716,7.5246,24.0608
CPX-26355,2,29,13.1802,92.756,603.75,1,20,1,9,0,0,7.3643,60.4291,5.8159,32.3269,0.0,0.0
Q8NDX1,10,35,41.6158,99.7735,139.75,2,16,4,10,4,9,11.1448,39.1251,14.3076,30.3605,16.1634,30.288
O15397,12,46,43.2496,139.4593,222.45,4,25,3,9,5,12,16.3262,81.4134,13.5003,35.0809,13.4231,22.965
URS000233DE7E_9606,2,16,6.0993,26.6055,336.2,1,9,1,7,0,0,2.9648,13.3626,3.1345,13.2429,0.0,0.0
O14862,38,156,203.5162,590.9187,190.35,23,118,7,22,8,16,138.3734,461.6759,30.2472,82.9494,34.8957,46.2934
URS000003861E_9606,2,13,6.1315,22.7048,270.3,1,8,0,0,1,5,3.0647,13.0601,0.0,0.0,3.0668,9.6447
Q09472,112,435,742.4526,2144.3644,188.82,59,344,44,69,9,22,401.2226,1675.2875,313.3268,411.5621,27.9031,57.5148
Q15723,16,73,45.4895,147.4802,224.21,6,50,6,11,4,12,17.5105,104.0369,16.5101,25.2801,11.4689,18.1633
URS00006863DF_9606,1,21,2.3593,33.3957,1315.46,1,21,0,0,0,0,2.3593,33.3957,0.0,0.0,0.0,0.0
URS000075D20A_9606,1,21,2.3593,33.3957,1315.46,1,21,0,0,0,0,2.3593,33.3957,0.0,0.0,0.0,0.0
URS000250F3D4_9606,1,26,4.2272,50.7496,1100.55,1,26,0,0,0,0,4.2272,50.7496,0.0,0.0,0.0,0.0
Q15847,8,63,24.2077,135.1719,458.38,4,47,1,3,3,13,15.9565,110.297,1.0314,2.0969,7.2198,22.7779
URS0000AD17CE_9606,2,10,4.0684,10.5183,158.53,0,0,1,3,1,7,0.0,0.0,2.0434,4.3409,2.025,6.1774
Q9BXB5,22,76,129.4839,328.1975,153.47,7,30,6,23,8,22,48.0263,127.2389,32.8413,116.2937,39.0548,75.1034
URS0000EEBACC_9606,2,26,5.4831,43.1538,687.03,1,21,0,0,1,5,2.3593,33.3957,0.0,0.0,3.1238,9.7582
P51800,17,54,79.1305,209.2844,164.48,7,19,6,23,4,12,37.8421,80.8094,26.156,90.9633,15.1324,37.5116
URS0001AD84B8_9606,2,10,4.0684,10.5183,158.53,0,0,1,3,1,7,0.0,0.0,2.0434,4.3409,2.025,6.1774
Q8IVB5,2,11,8.4613,25.4607,200.91,1,8,0,0,1,3,6.6348,23.1057,0.0,0.0,1.8265,2.3551
O60256,10,43,40.8587,143.2614,250.63,4,27,5,13,1,3,22.031,107.7152,17.0012,33.1911,1.8265,2.3551
Q9H251,28,81,153.0245,331.4911,116.63,12,42,5,11,11,28,68.9698,175.5539,18.045,29.2242,66.0096,126.7131
URS0000EF4254_9606,3,24,16.3741,58.6981,258.48,1,10,1,6,1,8,5.4727,22.0624,5.4616,14.6597,5.4398,21.9759
URS0000762499_9606,2,10,4.0684,10.5183,158.53,0,0,1,3,1,7,0.0,0.0,2.0434,4.3409,2.025,6.1774
Q96BN6,5,28,20.546,74.4287,262.25,3,18,1,3,1,7,15.2141,59.4669,1.0314,2.0969,4.3006,12.8648
URS0000226787_9606,5,28,19.8465,69.3835,249.6,2,12,1,6,2,10,7.7596,28.1519,4.1048,12.8342,7.9821,28.3974
Q9H340,11,34,37.4735,94.9651,153.42,6,24,3,6,2,4,22.4376,72.5814,11.5788,18.3981,3.4571,3.9857
URS000233FF80_9606,2,12,4.3508,11.2581,158.76,1,5,0,0,1,7,2.1591,4.9139,0.0,0.0,2.1917,6.3441
Q8N370,22,68,152.1955,363.2359,138.66,11,44,9,18,2,6,82.4807,236.5145,62.7103,114.2845,7.0045,12.4369
URS0000D6EBE9_9606,2,12,4.3508,11.2581,158.76,1,5,0,0,1,7,2.1591,4.9139,0.0,0.0,2.1917,6.3441
O15084,7,41,31.0226,153.08,393.45,1,23,2,7,4,11,7.4413,98.4981,6.9641,20.0125,16.6172,34.5694
Q6ZWJ1,14,73,64.1296,259.9607,305.37,8,52,2,5,4,16,42.4874,207.1568,7.5807,14.6242,14.0616,38.1798
URS00009AFCF4_9606,2,13,6.1315,22.7048,270.3,1,8,0,0,1,5,3.0647,13.0601,0.0,0.0,3.0668,9.6447
URS00006314D1_9606,2,16,6.0993,26.6055,336.2,1,9,1,7,0,0,2.9648,13.3626,3.1345,13.2429,0.0,0.0
Q6UX68,2,4,3.4571,3.9857,15.29,0,0,0,0,2,4,0.0,0.0,0.0,0.0,3.4571,3.9857
P29375,30,115,132.2295,340.689,157.65,9,59,15,41,6,15,41.6145,152.504,71.43,160.9538,19.1849,27.2312
URS0002A1665C_9606,2,12,4.3508,11.2581,158.76,1,5,0,0,1,7,2.1591,4.9139,0.0,0.0,2.1917,6.3441
Q9NX57,19,92,89.21,320.9344,259.75,5,42,6,27,8,23,29.5781,168.4986,23.2439,83.1388,36.388,69.2971
Q8IWV2,19,66,99.5052,247.393,148.62,13,48,1,6,5,12,76.042,196.7588,6.4554,18.7259,17.0077,31.9083
URS00008B86D7_9606,2,12,4.3508,11.2581,158.76,1,5,0,0,1,7,2.1591,4.9139,0.0,0.0,2.1917,6.3441
CPX-8841,7,44,34.6714,124.3541,258.66,4,25,2,12,1,7,19.285,69.6077,13.6016,48.5992,1.7848,6.1472
Q969F0,13,53,54.3181,172.8795,218.27,4,27,3,7,6,19,20.7128,98.6576,8.9696,17.9478,24.6357,56.2742
URS00001FD70A_9606,2,10,4.0684,10.5183,158.53,0,0,1,3,1,7,0.0,0.0,2.0434,4.3409,2.025,6.1774
URS000233F750_9606,1,9,1.4016,9.5107,578.57,1,9,0,0,0,0,1.4016,9.5107,0.0,0.0,0.0,0.0
Q8N715,1,3,1.0314,2.0969,103.31,0,0,1,3,0,0,0.0,0.0,1.0314,2.0969,0.0,0.0
URS00023393E6_9606,2,16,6.0993,26.6055,336.2,1,9,1,7,0,0,2.9648,13.3626,3.1345,13.2429,0.0,0.0
CPX-5670,1,5,3.4074,7.072,107.55,1,5,0,0,0,0,3.4074,7.072,0.0,0.0,0.0,0.0
URS00007C06A0_9606,2,10,4.0684,10.5183,158.53,0,0,1,3,1,7,0.0,0.0,2.0434,4.3409,2.025,6.1774
URS00006D8030_9606,2,26,5.4831,43.1538,687.03,1,21,0,0,1,5,2.3593,33.3957,0.0,0.0,3.1238,9.7582
CPX-2542,2,28,11.3538,84.7414,646.37,1,20,1,8,0,0,6.5658,59.5988,4.788,25.1425,0.0,0.0
Q6ZQY3,9,26,53.4046,91.4598,71.26,1,7,6,15,2,4,4.0189,17.0063,45.4498,69.9891,3.9358,4.4644
URS00006E66E9_9606,2,12,4.3508,11.2581,158.76,1,5,0,0,1,7,2.1591,4.9139,0.0,0.0,2.1917,6.3441
URS0000AA83E0_9606,2,12,4.3508,11.2581,158.76,1,5,0,0,1,7,2.1591,4.9139,0.0,0.0,2.1917,6.3441
URS00002C778E_9606,2,10,4.0684,10.5183,158.53,0,0,1,3,1,7,0.0,0.0,2.0434,4.3409,2.025,6.1774
URS000037D3F7_9606,2,10,4.0684,10.5183,158.53,0,0,1,3,1,7,0.0,0.0,2.0434,4.3409,2.025,6.1774
URS0000EB67DA_9606,2,26,5.4831,43.1538,687.03,1,21,0,0,1,5,2.3593,33.3957,0.0,0.0,3.1238,9.7582
URS000075AFFC_9606,2,12,4.3508,11.2581,158.76,1,5,0,0,1,7,2.1591,4.9139,0.0,0.0,2.1917,6.3441
URS0000E91B33_9606,1,21,2.3593,33.3957,1315.46,1,21,0,0,0,0,2.3593,33.3957,0.0,0.0,0.0,0.0
URS00007EFF12_9606,2,10,4.0684,10.5183,158.53,0,0,1,3,1,7,0.0,0.0,2.0434,4.3409,2.025,6.1774
P0DTE8,13,32,55.9497,94.757,69.36,2,6,8,15,3,11,11.208,13.9628,35.8643,58.3645,8.8775,22.4297
URS00025BFF82_9606,2,26,5.4831,43.1538,687.03,1,21,0,0,1,5,2.3593,33.3957,0.0,0.0,3.1238,9.7582
Q96A99,2,9,5.0701,12.5915,148.35,0,0,1,6,1,3,0.0,0.0,2.23,9.2229,2.8401,3.3687
CPX-2179,7,46,41.6771,178.9492,329.37,3,12,2,29,2,5,18.9318,38.2034,14.5279,128.9739,8.2175,11.7718
Q9H4I0,10,47,63.1032,156.4974,148.0,5,31,1,3,4,13,35.972,120.2544,4.1987,5.2642,22.9325,30.9788
URS000062E505_9606,1,21,2.3593,33.3957,1315.46,1,21,0,0,0,0,2.3593,33.3957,0.0,0.0,0.0,0.0
Q5T5Y3,13,52,67.2885,181.6144,169.9,3,25,5,10,5,17,15.7716,86.1934,26.6888,39.543,24.8281,55.878
Q2TAA2,5,14,18.1795,27.8312,53.09,2,7,3,7,0,0,8.5271,14.2243,9.6524,13.607,0.0,0.0
A6NCF6,2,33,5.5273,56.9193,929.79,1,26,0,0,1,7,3.7424,50.7721,0.0,0.0,1.7848,6.1472
URS00009C5ADC_9606,2,13,6.1315,22.7048,270.3,1,8,0,0,1,5,3.0647,13.0601,0.0,0.0,3.0668,9.6447
P06732,12,41,44.6284,138.0915,209.43,1,13,8,23,3,5,9.2738,58.6689,28.3535,71.893,7.0011,7.5296
Q8N3X1,2,6,3.4943,5.0884,45.62,0,0,1,3,1,3,0.0,0.0,1.0314,2.0969,2.4629,2.9914
Q96S59,19,86,76.5817,241.3219,215.12,6,56,4,8,9,22,31.1262,167.037,12.3777,20.8198,33.0778,53.4652
URS0000EA07E6_9606,5,28,19.8465,69.3835,249.6,2,12,1,6,2,10,7.7596,28.1519,4.1048,12.8342,7.9821,28.3974
URS00003E6315_9606,2,10,4.0684,10.5183,158.53,0,0,1,3,1,7,0.0,0.0,2.0434,4.3409,2.025,6.1774
URS0000EB5C26_9606,2,13,6.1315,22.7048,270.3,1,8,0,0,1,5,3.0647,13.0601,0.0,0.0,3.0668,9.6447
URS00009C7B0C_9606,2,16,6.0993,26.6055,336.2,1,9,1,7,0,0,2.9648,13.3626,3.1345,13.2429,0.0,0.0
Q8IUC0,4,11,15.1117,30.8357,104.05,0,0,1,2,3,9,0.0,0.0,1.9193,2.2974,13.1924,28.5383
URS0000622EDB_9606,1,21,2.3593,33.3957,1315.46,1,21,0,0,0,0,2.3593,33.3957,0.0,0.0,0.0,0.0
URS00008C03DC_9606,2,13,6.1315,22.7048,270.3,1,8,0,0,1,5,3.0647,13.0601,0.0,0.0,3.0668,9.6447
P48380,28,140,117.9178,456.4203,287.07,15,112,8,16,5,12,79.5985,393.5751,23.2823,42.0939,15.0369,20.7512
URS0000E0D074_9606,2,10,4.0684,10.5183,158.53,0,0,1,3,1,7,0.0,0.0,2.0434,4.3409,2.025,6.1774
O60244,16,83,71.1303,245.8893,245.69,7,55,4,13,5,15,31.6748,158.9806,18.2656,47.3552,21.1899,39.5536
URS0002A381C9_9606,2,13,6.1315,22.7048,270.3,1,8,0,0,1,5,3.0647,13.0601,0.0,0.0,3.0668,9.6447
URS00004AA324_9606,2,10,4.0684,10.5183,158.53,0,0,1,3,1,7,0.0,0.0,2.0434,4.3409,2.025,6.1774
URS000059898A_9606,2,10,4.0684,10.5183,158.53,0,0,1,3,1,7,0.0,0.0,2.0434,4.3409,2.025,6.1774
URS0002338A5B_9606,3,25,14.8877,62.0517,316.8,1,11,1,6,1,8,4.9139,26.3436,4.9268,14.1249,5.047,21.5832
CPX-7462,4,44,12.9863,89.4959,589.16,1,25,2,12,1,7,3.5381,50.0809,7.6634,33.2678,1.7848,6.1472
URS00000254A6_9606,6,38,21.9716,84.0535,282.55,3,27,2,8,1,3,9.1142,58.3366,9.7922,22.123,3.0652,3.5938
Q9Y548,11,37,52.3832,115.2254,119.97,1,6,2,6,8,25,3.5292,11.214,6.0182,14.9619,42.8358,89.0494
A0FGR9,15,37,76.6828,142.0411,85.23,2,11,8,15,5,11,13.615,46.8599,37.5145,55.78,25.5533,39.4012
CPX-1227,16,97,79.6411,328.6892,312.71,9,56,6,38,1,3,46.4969,190.6887,29.711,134.0388,3.4332,3.9618
URS00026A27F5_9606,2,12,7.339,17.3489,136.39,1,5,0,0,1,7,5.5542,11.2016,0.0,0.0,1.7848,6.1472
Q8N4C8,33,124,152.1289,427.3664,180.92,18,77,8,26,7,21,100.4071,298.2017,27.0578,73.9764,24.664,55.1883
URS00003538C1_9606,1,3,3.0652,3.5938,17.24,0,0,0,0,1,3,0.0,0.0,0.0,0.0,3.0652,3.5938
URS0002140352_9606,2,10,4.0684,10.5183,158.53,0,0,1,3,1,7,0.0,0.0,2.0434,4.3409,2.025,6.1774
URS0000EBD370_9606,2,10,4.0684,10.5183,158.53,0,0,1,3,1,7,0.0,0.0,2.0434,4.3409,2.025,6.1774
URS0000ED4C8D_9606,2,10,4.0684,10.5183,158.53,0,0,1,3,1,7,0.0,0.0,2.0434,4.3409,2.025,6.1774
URS000063E3D8_9606,1,21,2.3593,33.3957,1315.46,1,21,0,0,0,0,2.3593,33.3957,0.0,0.0,0.0,0.0
Q96FL8,27,75,169.9184,406.9489,139.5,14,44,9,24,4,7,97.1189,254.6964,59.7016,135.179,13.0979,17.0736
URS000054154C_9606,2,10,4.0684,10.5183,158.53,0,0,1,3,1,7,0.0,0.0,2.0434,4.3409,2.025,6.1774
CPX-7977,3,31,14.9532,93.9953,528.6,1,17,2,14,0,0,5.6562,50.3547,9.297,43.6406,0.0,0.0
URS0002347B5F_9606,2,12,4.3508,11.2581,158.76,1,5,0,0,1,7,2.1591,4.9139,0.0,0.0,2.1917,6.3441
URS00000AB71A_9606,2,13,6.1315,22.7048,270.3,1,8,0,0,1,5,3.0647,13.0601,0.0,0.0,3.0668,9.6447
URS00007591E0_9606,2,10,4.0684,10.5183,158.53,0,0,1,3,1,7,0.0,0.0,2.0434,4.3409,2.025,6.1774
Q96SW2,17,92,75.4121,305.2653,304.8,8,65,3,8,6,19,47.2772,236.5766,8.8653,15.8582,19.2696,52.8305
URS00025DF5ED_9606,1,26,4.2272,50.7496,1100.55,1,26,0,0,0,0,4.2272,50.7496,0.0,0.0,0.0,0.0
URS0000658F86_9606,1,21,2.3593,33.3957,1315.46,1,21,0,0,0,0,2.3593,33.3957,0.0,0.0,0.0,0.0
CPX-6953,6,36,26.6266,100.6668,278.07,2,25,2,6,2,5,10.1342,76.8501,11.4268,16.7657,5.0656,7.0509
URS0000A9D490_9606,2,13,6.1315,22.7048,270.3,1,8,0,0,1,5,3.0647,13.0601,0.0,0.0,3.0668,9.6447
URS0000197BB5_9606,2,12,4.3508,11.2581,158.76,1,5,0,0,1,7,2.1591,4.9139,0.0,0.0,2.1917,6.3441
URS000265FCFC_9606,2,10,4.0684,10.5183,158.53,0,0,1,3,1,7,0.0,0.0,2.0434,4.3409,2.025,6.1774
Q96L94,7,29,25.2606,68.4815,171.1,1,9,4,7,2,13,3.7055,24.3184,14.9553,20.371,6.5998,23.7921
Q5TCH4,23,62,155.1967,295.2471,90.24,8,31,13,25,2,6,57.1628,147.1411,91.464,137.1766,6.57,10.9294
URS0002A28193_9606,2,16,3.4265,15.6881,357.84,1,9,0,0,1,7,1.4016,9.5107,0.0,0.0,2.025,6.1774
URS0000DC9440_9606,2,10,4.0684,10.5183,158.53,0,0,1,3,1,7,0.0,0.0,2.0434,4.3409,2.025,6.1774
URS0000EEFDDD_9606,1,16,3.23,26.216,711.64,1,16,0,0,0,0,3.23,26.216,0.0,0.0,0.0,0.0
Q9Y694,18,43,90.0405,183.9304,104.28,7,20,5,14,6,9,41.9884,90.551,26.4614,67.8131,21.5907,25.5663
URS00006B08AD_9606,1,21,2.3593,33.3957,1315.46,1,21,0,0,0,0,2.3593,33.3957,0.0,0.0,0.0,0.0
URS00006FBD74_9606,2,10,4.0684,10.5183,158.53,0,0,1,3,1,7,0.0,0.0,2.0434,4.3409,2.025,6.1774
URS000233E0BF_9606,2,16,6.0993,26.6055,336.2,1,9,1,7,0,0,2.9648,13.3626,3.1345,13.2429,0.0,0.0
URS0002347035_9606,4,22,17.7782,58.5857,229.54,2,12,0,0,2,10,7.7596,28.1519,0.0,0.0,10.0185,30.4338
URS000251EF6B_9606,2,12,4.3508,11.2581,158.76,1,5,0,0,1,7,2.1591,4.9139,0.0,0.0,2.1917,6.3441
Q8NHA6,8,29,26.6543,77.3915,190.35,4,19,2,6,2,4,14.7481,55.0078,8.4491,18.3981,3.4571,3.9857
URS0000D5C3CA_9606,1,16,3.23,26.216,711.64,1,16,0,0,0,0,3.23,26.216,0.0,0.0,0.0,0.0
URS00006724DB_9606,5,28,23.9719,73.5089,206.65,2,12,1,6,2,10,7.7596,28.1519,6.1493,14.8787,10.063,30.4782
URS0000989A4A_9606,2,13,6.1315,22.7048,270.3,1,8,0,0,1,5,3.0647,13.0601,0.0,0.0,3.0668,9.6447
Q9H987,12,68,57.3367,232.9588,306.3,5,51,2,5,5,12,34.8808,199.6498,5.5581,10.3339,16.8978,22.975
URS0000170CCA_9606,2,16,6.0993,26.6055,336.2,1,9,1,7,0,0,2.9648,13.3626,3.1345,13.2429,0.0,0.0
P49842,14,81,58.1533,237.1241,307.76,4,47,7,19,3,15,26.2864,151.4192,23.6139,55.7348,8.2529,29.97
URS000063BFA1_9606,1,21,2.3593,33.3957,1315.46,1,21,0,0,0,0,2.3593,33.3957,0.0,0.0,0.0,0.0
P43119,15,54,71.6659,195.5083,172.81,9,35,3,14,3,5,46.4578,120.2635,19.6417,69.1498,5.5664,6.095
URS00006896B4_9606,2,12,4.3508,11.2581,158.76,1,5,0,0,1,7,2.1591,4.9139,0.0,0.0,2.1917,6.3441
URS000069B814_9606,1,21,2.3593,33.3957,1315.46,1,21,0,0,0,0,2.3593,33.3957,0.0,0.0,0.0,0.0
P21810,18,47,94.0836,165.6915,76.11,1,4,6,10,11,33,7.6644,17.3516,31.2211,37.0812,55.198,111.2586
URS0000EAFA2D_9606,2,13,6.1315,22.7048,270.3,1,8,0,0,1,5,3.0647,13.0601,0.0,0.0,3.0668,9.6447
Q9H993,13,36,65.5487,145.2412,121.58,2,9,11,27,0,0,9.0884,21.3532,56.4603,123.8881,0.0,0.0
Q96Q77,5,16,17.7457,45.8156,158.18,1,7,4,9,0,0,5.313,26.39,12.4327,19.4256,0.0,0.0
URS0000E99F38_9606,2,12,4.3508,11.2581,158.76,1,5,0,0,1,7,2.1591,4.9139,0.0,0.0,2.1917,6.3441
CPX-6046,4,42,16.1033,98.1713,509.63,2,30,2,12,0,0,9.5635,67.5794,6.5399,30.5919,0.0,0.0
P25024,27,85,153.4129,375.5535,144.8,15,55,8,19,4,11,85.4499,240.9971,54.8964,104.6271,13.0667,29.9293
Q969F1,12,45,62.8889,147.8836,135.15,5,23,3,7,4,15,34.2447,89.1191,11.7401,20.8353,16.9041,37.9292
URS00003D72D9_9606,2,10,4.0684,10.5183,158.53,0,0,1,3,1,7,0.0,0.0,2.0434,4.3409,2.025,6.1774
URS000062EE63_9606,2,12,4.3508,11.2581,158.76,1,5,0,0,1,7,2.1591,4.9139,0.0,0.0,2.1917,6.3441
P55316,14,62,40.982,124.6504,204.16,5,42,6,11,3,9,16.7911,87.3271,16.5101,25.2801,7.6809,12.0433
P0CG00,7,56,19.4091,110.9016,471.39,2,28,4,21,1,7,5.5236,49.7302,12.1007,55.0241,1.7848,6.1472
Q68DD2,20,55,96.858,200.662,107.17,6,19,8,20,6,16,35.6721,80.4239,43.5456,83.1826,17.6403,37.0555
Q7LGA3,8,39,37.491,131.8224,251.61,1,18,4,10,3,11,7.2589,67.4202,21.0773,45.6014,9.1548,18.8008
URS00006DEA0C_9606,2,12,4.3508,11.2581,158.76,1,5,0,0,1,7,2.1591,4.9139,0.0,0.0,2.1917,6.3441
URS000082DC69_9606,2,10,4.0684,10.5183,158.53,0,0,1,3,1,7,0.0,0.0,2.0434,4.3409,2.025,6.1774
P78312,4,29,11.7194,58.4091,398.4,1,18,1,3,2,8,7.0766,48.3384,1.0314,2.0969,3.6114,7.9738
URS00025AAA03_9606,1,11,5.3371,27.9523,423.73,1,11,0,0,0,0,5.3371,27.9523,0.0,0.0,0.0,0.0
Q5VT06,11,39,46.5303,119.7446,157.35,2,17,2,6,7,16,14.9233,67.9853,5.9712,15.3717,25.6357,36.3877
URS00009E8022_9606,2,10,4.0684,10.5183,158.53,0,0,1,3,1,7,0.0,0.0,2.0434,4.3409,2.025,6.1774
P45880,32,123,176.7317,543.0162,207.25,10,44,12,48,10,31,60.3477,221.5547,69.6319,218.1393,46.7521,103.3222
Q8N831,6,26,21.9728,61.0042,177.64,1,13,3,5,2,8,6.1168,39.7203,10.6379,11.7035,5.218,9.5804
Q9NWT1,8,51,39.4757,147.0889,272.61,5,33,2,11,1,7,30.1672,101.7378,7.1168,39.0069,2.1917,6.3441
URS0000EEC479_9606,2,12,4.3508,11.2581,158.76,1,5,0,0,1,7,2.1591,4.9139,0.0,0.0,2.1917,6.3441
Q9H0W7,5,20,11.8568,30.0593,153.52,0,0,3,10,2,10,0.0,0.0,7.8802,19.3884,3.9765,10.6709
URS000233704A_9606,4,22,17.7782,58.5857,229.54,2,12,0,0,2,10,7.7596,28.1519,0.0,0.0,10.0185,30.4338
A6NCE7,17,68,91.6632,246.3106,168.71,6,31,4,12,7,25,39.271,130.5116,22.0935,44.249,30.2987,71.55
URS00000D6B50_9606,1,11,5.3371,27.9523,423.73,1,11,0,0,0,0,5.3371,27.9523,0.0,0.0,0.0,0.0
URS000266C4B4_9606,2,10,4.0684,10.5183,158.53,0,0,1,3,1,7,0.0,0.0,2.0434,4.3409,2.025,6.1774
Q9Y394,7,32,37.9255,126.4061,233.3,1,18,4,9,2,5,6.6528,70.5843,26.3113,47.9576,4.9614,7.8641
URS000231A5F5_9606,5,28,23.9719,73.5089,206.65,2,12,1,6,2,10,7.7596,28.1519,6.1493,14.8787,10.063,30.4782
Q15669,19,131,89.0188,458.7563,415.35,8,87,8,38,3,6,41.6278,311.3221,36.7541,134.8121,10.6369,12.6222
URS0000742824_9606,2,10,4.0684,10.5183,158.53,0,0,1,3,1,7,0.0,0.0,2.0434,4.3409,2.025,6.1774
URS0000718DB0_9606,2,10,4.0684,10.5183,158.53,0,0,1,3,1,7,0.0,0.0,2.0434,4.3409,2.025,6.1774
Q969X1,19,107,95.701,415.3176,333.97,7,63,3,18,9,26,48.9607,269.0874,14.2965,72.2406,32.4438,73.9896
URS000048ED47_9606,2,10,4.0684,10.5183,158.53,0,0,1,3,1,7,0.0,0.0,2.0434,4.3409,2.025,6.1774
P30536,56,306,372.2754,1523.6741,309.29,45,266,6,21,5,19,318.3052,1373.4822,37.1248,102.3136,16.8454,47.8783
F8VTS6,6,42,16.7297,101.8148,508.59,2,22,3,17,1,3,5.4978,52.9842,9.4054,46.4755,1.8265,2.3551
URS0000025325_9606,2,16,6.0993,26.6055,336.2,1,9,1,7,0,0,2.9648,13.3626,3.1345,13.2429,0.0,0.0
Q9ULT0,5,36,16.9194,115.7964,584.4,2,28,1,3,2,5,12.0611,107.8873,1.0314,2.0969,3.8269,5.8122
URS00007E4973_9606,2,26,5.4831,43.1538,687.03,1,21,0,0,1,5,2.3593,33.3957,0.0,0.0,3.1238,9.7582
URS0000016B10_9606,2,26,5.4831,43.1538,687.03,1,21,0,0,1,5,2.3593,33.3957,0.0,0.0,3.1238,9.7582
URS000031F86D_9606,2,12,4.3508,11.2581,158.76,1,5,0,0,1,7,2.1591,4.9139,0.0,0.0,2.1917,6.3441
Q9Y2V2,11,49,47.873,133.3049,178.46,2,22,4,9,5,18,8.2453,49.9019,14.1535,22.0366,25.4741,61.3664
Q8N999,6,38,36.9131,126.3318,242.24,2,15,4,23,0,0,15.3017,42.25,21.6115,84.0818,0.0,0.0
Q2NL98,3,12,12.4194,34.066,174.3,0,0,1,3,2,9,0.0,0.0,1.0314,2.0969,11.388,31.9691
Q63HM2,2,6,2.4881,4.0822,64.07,0,0,1,3,1,3,0.0,0.0,1.0314,2.0969,1.4567,1.9853
Q9NZR2,9,31,34.5923,88.5075,155.86,3,14,3,11,3,6,13.8297,42.5832,12.9314,36.2126,7.8312,9.7117
Q8N414,8,28,46.9714,90.0164,91.64,2,12,4,8,2,8,19.7108,47.5019,23.0129,33.9045,4.2477,8.6101
CPX-26417,2,23,11.8049,64.3361,444.99,2,23,0,0,0,0,11.8049,64.3361,0.0,0.0,0.0,0.0
URS000037D7AE_9606,2,12,4.3508,11.2581,158.76,1,5,0,0,1,7,2.1591,4.9139,0.0,0.0,2.1917,6.3441
URS0000650B1E_9606,2,12,4.3508,11.2581,158.76,1,5,0,0,1,7,2.1591,4.9139,0.0,0.0,2.1917,6.3441
Q92954,8,24,39.2057,76.2536,94.5,2,9,3,9,3,6,6.7784,19.3844,22.1347,41.6739,10.2926,15.1953
O15427,21,60,124.6059,277.1604,122.43,7,30,8,21,6,9,52.8864,146.4094,46.1505,101.2065,25.5689,29.5446
URS0000D57392_9606,2,26,5.4831,43.1538,687.03,1,21,0,0,1,5,2.3593,33.3957,0.0,0.0,3.1238,9.7582
CPX-2838,3,18,11.5037,37.6357,227.16,1,8,1,6,1,4,4.5267,18.6639,4.9765,14.9861,2.0004,3.9857
URS00008B96FA_9606,2,13,6.1315,22.7048,270.3,1,8,0,0,1,5,3.0647,13.0601,0.0,0.0,3.0668,9.6447
URS000075ADBA_9606,5,29,30.9768,85.8489,177.14,2,13,2,8,1,8,8.7551,33.9875,13.641,26.7446,8.5807,25.1169
CPX-6087,3,24,18.3428,74.8039,307.81,3,24,0,0,0,0,18.3428,74.8039,0.0,0.0,0.0,0.0
O94887,14,56,74.5067,204.2554,174.14,10,43,2,9,2,4,61.7456,173.8816,8.8252,25.9095,3.9358,4.4644
URS00003AEDD7_9606,2,10,4.0684,10.5183,158.53,0,0,1,3,1,7,0.0,0.0,2.0434,4.3409,2.025,6.1774
URS00005204F8_9606,2,10,4.0684,10.5183,158.53,0,0,1,3,1,7,0.0,0.0,2.0434,4.3409,2.025,6.1774
URS00000DE9B5_9606,2,10,4.0684,10.5183,158.53,0,0,1,3,1,7,0.0,0.0,2.0434,4.3409,2.025,6.1774
A0A1W2PQ73,9,46,25.0847,81.9216,226.58,4,31,4,8,1,7,10.9665,57.7398,12.3334,18.0346,1.7848,6.1472
URS0002A2B72D_9606,2,26,5.4831,43.1538,687.03,1,21,0,0,1,5,2.3593,33.3957,0.0,0.0,3.1238,9.7582
Q86TL0,20,65,112.9251,247.9203,119.54,11,42,6,11,3,12,67.4948,172.6284,35.8405,51.1806,9.5898,24.1112
URS00008BAAAE_9606,6,64,41.8509,199.4696,376.62,4,55,2,9,0,0,27.3712,166.8155,14.4797,32.6541,0.0,0.0
URS0002A52409_9606,1,11,5.3371,27.9523,423.73,1,11,0,0,0,0,5.3371,27.9523,0.0,0.0,0.0,0.0
URS000075D391_9606,2,26,5.4831,43.1538,687.03,1,21,0,0,1,5,2.3593,33.3957,0.0,0.0,3.1238,9.7582
URS0000A40E82_9606,2,10,4.0684,10.5183,158.53,0,0,1,3,1,7,0.0,0.0,2.0434,4.3409,2.025,6.1774
URS00003C2C8F_9606,2,10,4.0684,10.5183,158.53,0,0,1,3,1,7,0.0,0.0,2.0434,4.3409,2.025,6.1774
URS00004CAF03_9606,2,10,4.0684,10.5183,158.53,0,0,1,3,1,7,0.0,0.0,2.0434,4.3409,2.025,6.1774
Q8ND04,5,55,23.0065,153.5864,567.58,3,49,1,3,1,3,19.8658,148.8516,1.0314,2.0969,2.1093,2.6379
URS00026A2162_9606,1,26,4.2272,50.7496,1100.55,1,26,0,0,0,0,4.2272,50.7496,0.0,0.0,0.0,0.0
P19827,11,42,51.8641,137.6633,165.43,1,8,6,21,4,13,7.1048,26.8966,28.8833,76.9644,15.876,33.8024
URS00006BFBDC_9606,1,21,2.3593,33.3957,1315.46,1,21,0,0,0,0,2.3593,33.3957,0.0,0.0,0.0,0.0
URS0000A80E05_9606,5,28,23.9719,73.5089,206.65,2,12,1,6,2,10,7.7596,28.1519,6.1493,14.8787,10.063,30.4782
Q8N4Y2,3,17,13.4014,46.5446,247.31,1,9,2,8,0,0,8.3575,32.2779,5.0438,14.2667,0.0,0.0
Q8NFJ9,28,101,153.0265,416.2027,171.98,13,68,6,11,9,22,76.1959,295.7588,33.0081,47.7245,43.8224,72.7195
Q4U2R8,24,81,134.8688,381.8981,183.16,9,45,8,17,7,19,62.9401,235.7057,46.4038,87.7555,25.5248,58.4369
Q9BT17,12,74,61.3712,220.2137,258.82,4,29,4,24,4,21,28.3663,91.2273,13.4352,71.0578,19.5697,57.9287
URS0000E92631_9606,7,31,25.978,78.5818,202.49,3,13,1,6,3,12,10.8244,31.2167,4.1048,12.8342,11.0489,34.5309
URS000097DE85_9606,1,21,2.3593,33.3957,1315.46,1,21,0,0,0,0,2.3593,33.3957,0.0,0.0,0.0,0.0
P04114,52,166,306.2378,741.0019,141.97,18,84,8,24,26,58,119.8361,384.1538,43.605,106.6398,142.7967,250.2083
O00453,13,57,53.658,186.2354,247.08,7,43,0,0,6,14,35.6757,158.6071,0.0,0.0,17.9823,27.6283
CPX-8104,4,46,20.2873,136.1255,570.99,1,20,3,26,0,0,6.0958,57.0025,14.1916,79.1231,0.0,0.0
Q8TBG9,7,29,23.9694,81.9996,242.1,0,0,1,3,6,26,0.0,0.0,1.0314,2.0969,22.938,79.9027
Q8TBZ5,12,67,39.8112,171.6165,331.08,5,38,6,22,1,7,22.2067,109.4138,15.8197,56.0555,1.7848,6.1472
URS0000EEE090_9606,2,12,4.3508,11.2581,158.76,1,5,0,0,1,7,2.1591,4.9139,0.0,0.0,2.1917,6.3441
Q9NQT6,16,42,79.3558,137.6611,73.47,4,12,3,9,9,21,21.3228,41.5812,13.1692,24.9303,44.8638,71.1495
URS0002343C53_9606,2,10,4.0684,10.5183,158.53,0,0,1,3,1,7,0.0,0.0,2.0434,4.3409,2.025,6.1774
Q13601,14,40,46.6309,95.3193,104.41,4,17,3,5,7,18,23.7726,54.5372,4.7898,5.8553,18.0685,34.9268
CPX-2517,1,7,1.7848,6.1472,244.41,0,0,0,0,1,7,0.0,0.0,0.0,0.0,1.7848,6.1472
URS00019AF227_9606,2,16,6.0993,26.6055,336.2,1,9,1,7,0,0,2.9648,13.3626,3.1345,13.2429,0.0,0.0
URS00008B9509_9606,2,13,6.1315,22.7048,270.3,1,8,0,0,1,5,3.0647,13.0601,0.0,0.0,3.0668,9.6447
P13716,54,138,343.9632,623.9185,81.39,39,98,8,18,7,22,274.3081,491.7272,46.1784,73.2846,23.4766,58.9067
CPX-1779,4,15,19.1119,40.2906,110.81,3,12,1,3,0,0,13.8768,32.758,5.2352,7.5326,0.0,0.0
CPX-3148,3,18,19.8108,61.0505,208.17,2,11,1,7,0,0,14.0259,35.7099,5.7849,25.3407,0.0,0.0
URS0000602B69_9606,2,10,4.0684,10.5183,158.53,0,0,1,3,1,7,0.0,0.0,2.0434,4.3409,2.025,6.1774
URS0000668439_9606,1,21,2.3593,33.3957,1315.46,1,21,0,0,0,0,2.3593,33.3957,0.0,0.0,0.0,0.0
Q9P2U7,47,157,295.5317,778.4205,163.4,22,70,12,46,13,41,141.2339,340.1153,86.8523,279.5115,67.4455,158.7937
CPX-1212,15,95,73.1081,315.9269,332.14,8,54,6,38,1,3,39.9639,177.9264,29.711,134.0388,3.4332,3.9618
Q96EY4,8,26,32.1197,64.2332,99.98,2,7,3,8,3,11,12.8284,25.8306,12.8519,25.2688,6.4394,13.1338
P15328,39,164,222.5193,763.7575,243.23,16,108,4,17,19,39,121.7888,560.5129,22.2232,69.4208,78.5073,133.8239
URS0001BF3183_9606,2,12,4.3508,11.2581,158.76,1,5,0,0,1,7,2.1591,4.9139,0.0,0.0,2.1917,6.3441
URS000013F331_9606,3,33,20.3011,120.3141,492.65,1,11,1,14,1,8,5.5725,24.2096,7.3643,65.1532,7.3643,30.9514
URS0000222B22_9606,2,10,4.0684,10.5183,158.53,0,0,1,3,1,7,0.0,0.0,2.0434,4.3409,2.025,6.1774
URS00006347A3_9606,1,21,2.3593,33.3957,1315.46,1,21,0,0,0,0,2.3593,33.3957,0.0,0.0,0.0,0.0
Q9HAF1,26,116,125.2713,410.3098,227.54,14,69,5,22,7,25,58.7831,207.3974,32.4975,112.0783,33.9907,90.8341
Q53S99,5,17,23.9257,43.4396,81.56,2,8,2,6,1,3,14.3328,25.4171,8.1362,16.0372,1.4567,1.9853
Q9NNW5,14,53,70.1329,174.7473,149.17,6,35,5,11,3,7,40.9834,129.5242,18.1089,29.5155,11.0406,15.7076
Q9H013,19,66,89.5912,201.4889,124.9,7,38,8,17,4,11,43.3274,126.3117,36.6346,56.8115,9.6292,18.3657
URS000075CEFF_9606,1,21,2.3593,33.3957,1315.46,1,21,0,0,0,0,2.3593,33.3957,0.0,0.0,0.0,0.0
URS0002201350_9606,2,26,5.4831,43.1538,687.03,1,21,0,0,1,5,2.3593,33.3957,0.0,0.0,3.1238,9.7582
A6NMD2,5,21,29.182,60.6357,107.78,1,6,0,0,4,15,5.7475,12.2315,0.0,0.0,23.4345,48.4041
P31944,17,58,72.9119,167.1068,129.19,6,29,5,10,6,19,33.1795,89.4344,19.1352,29.2031,20.5972,48.4692
CPX-745,3,30,23.7147,102.8886,333.86,1,15,2,15,0,0,7.0766,38.6634,16.6381,64.2252,0.0,0.0
URS0000EA7AD7_9606,2,26,5.4831,43.1538,687.03,1,21,0,0,1,5,2.3593,33.3957,0.0,0.0,3.1238,9.7582
Q05516,53,223,256.3118,902.5103,252.11,30,163,15,40,8,20,166.3048,707.1134,60.4589,143.4038,29.548,51.9931
H3BV60,9,56,53.1086,204.2988,284.68,4,26,4,26,1,4,22.104,88.9097,29.0042,111.4034,2.0004,3.9857
URS0000008A99_9606,2,26,5.4831,43.1538,687.03,1,21,0,0,1,5,2.3593,33.3957,0.0,0.0,3.1238,9.7582
URS0002A150DC_9606,2,12,4.3508,11.2581,158.76,1,5,0,0,1,7,2.1591,4.9139,0.0,0.0,2.1917,6.3441
URS0001FB69EA_9606,2,10,4.0684,10.5183,158.53,0,0,1,3,1,7,0.0,0.0,2.0434,4.3409,2.025,6.1774
URS000076EC5E_9606,2,10,4.0684,10.5183,158.53,0,0,1,3,1,7,0.0,0.0,2.0434,4.3409,2.025,6.1774
P0DP72,5,15,16.3699,30.3316,85.29,1,4,1,4,3,7,4.3854,8.8524,4.1862,6.2832,7.7983,15.196
URS0001AE24A2_9606,2,10,4.0684,10.5183,158.53,0,0,1,3,1,7,0.0,0.0,2.0434,4.3409,2.025,6.1774
Q96B23,8,65,32.0114,164.7921,414.79,3,40,3,17,2,8,16.2781,103.2397,10.5153,51.972,5.218,9.5804
Q96DZ1,9,77,51.5275,276.6408,436.88,4,61,2,4,3,12,28.841,238.3674,6.8632,7.9288,15.8233,30.3447
URS0000EB7BFE_9606,2,13,6.1315,22.7048,270.3,1,8,0,0,1,5,3.0647,13.0601,0.0,0.0,3.0668,9.6447
Q8NHK3,4,23,17.1087,59.2488,246.31,1,14,2,5,1,4,6.81,40.3274,8.2983,14.9357,2.0004,3.9857
URS0000515283_9606,5,28,19.8465,69.3835,249.6,2,12,1,6,2,10,7.7596,28.1519,4.1048,12.8342,7.9821,28.3974
P60510,15,66,59.3865,192.8624,224.76,3,33,5,15,7,18,17.4814,99.6224,17.1569,42.2031,24.7483,51.0369
URS0000D57907_9606,2,16,6.0993,26.6055,336.2,1,9,1,7,0,0,2.9648,13.3626,3.1345,13.2429,0.0,0.0
URS0002A2F583_9606,2,16,6.0993,26.6055,336.2,1,9,1,7,0,0,2.9648,13.3626,3.1345,13.2429,0.0,0.0
URS0000549EAC_9606,2,16,6.0993,26.6055,336.2,1,9,1,7,0,0,2.9648,13.3626,3.1345,13.2429,0.0,0.0
URS0000832FA3_9606,2,12,4.3508,11.2581,158.76,1,5,0,0,1,7,2.1591,4.9139,0.0,0.0,2.1917,6.3441
URS0001AB1041_9606,2,10,4.0684,10.5183,158.53,0,0,1,3,1,7,0.0,0.0,2.0434,4.3409,2.025,6.1774
P01834,14,52,58.8213,163.5448,178.04,5,31,2,4,7,17,22.2812,109.5782,6.1156,7.1811,30.4245,46.7854
URS000075E701_9606,2,26,5.4831,43.1538,687.03,1,21,0,0,1,5,2.3593,33.3957,0.0,0.0,3.1238,9.7582
O75312,40,160,224.3731,636.2565,183.57,23,115,6,17,11,28,151.8039,491.8649,25.7618,55.8462,46.8074,88.5455
P10092,13,41,70.2001,157.1386,123.84,6,23,5,14,2,4,36.1856,91.5991,28.1091,59.1056,5.9053,6.4339
A6NHX0,7,52,38.13,180.6952,373.89,2,35,3,12,2,5,15.5031,129.6602,12.2553,38.783,10.3715,12.252
URS000258910F_9606,2,12,7.339,17.3489,136.39,1,5,0,0,1,7,5.5542,11.2016,0.0,0.0,1.7848,6.1472
Q96P48,34,139,175.0735,549.5929,213.92,16,83,6,26,12,30,90.7611,350.7268,27.2465,97.4834,57.0659,101.3827
URS000062B188_9606,2,10,4.0684,10.5183,158.53,0,0,1,3,1,7,0.0,0.0,2.0434,4.3409,2.025,6.1774
Q96AB3,6,18,16.7677,30.6705,82.91,1,5,1,3,4,10,6.7683,15.2431,1.0314,2.0969,8.968,13.3304
URS000075EC57_9606,2,26,5.4831,43.1538,687.03,1,21,0,0,1,5,2.3593,33.3957,0.0,0.0,3.1238,9.7582
Q96R72,8,29,26.6543,77.3915,190.35,4,19,2,6,2,4,14.7481,55.0078,8.4491,18.3981,3.4571,3.9857
O00622,27,99,124.9614,350.8674,180.78,17,74,6,15,4,10,80.1808,264.0213,29.6539,56.6576,15.1267,30.1884
Q5SSJ5,13,71,59.2419,209.8696,254.26,6,45,3,8,4,18,32.4375,144.0802,9.8906,20.2821,16.9139,45.5073
P0DUB6,13,32,55.9497,94.757,69.36,2,6,8,15,3,11,11.208,13.9628,35.8643,58.3645,8.8775,22.4297
URS0000500F1A_9606,2,10,4.0684,10.5183,158.53,0,0,1,3,1,7,0.0,0.0,2.0434,4.3409,2.025,6.1774
Q13459,37,113,189.1768,417.6498,120.77,9,32,16,55,12,26,58.592,126.0223,74.6743,201.2354,55.9106,90.392
URS0002521264_9606,2,12,4.3508,11.2581,158.76,1,5,0,0,1,7,2.1591,4.9139,0.0,0.0,2.1917,6.3441
URS000075ABA3_9606,2,26,5.4831,43.1538,687.03,1,21,0,0,1,5,2.3593,33.3957,0.0,0.0,3.1238,9.7582
URS00009C60F3_9606,2,13,6.1315,22.7048,270.3,1,8,0,0,1,5,3.0647,13.0601,0.0,0.0,3.0668,9.6447
A6NHR9,22,121,106.7216,403.0596,277.67,10,75,6,29,6,17,57.5742,254.0392,18.2181,81.5115,30.9293,67.5089
URS00005651EE_9606,2,26,5.4831,43.1538,687.03,1,21,0,0,1,5,2.3593,33.3957,0.0,0.0,3.1238,9.7582
URS0000283D0A_9606,2,26,5.4831,43.1538,687.03,1,21,0,0,1,5,2.3593,33.3957,0.0,0.0,3.1238,9.7582
URS0000D5A3B2_9606,1,16,3.23,26.216,711.64,1,16,0,0,0,0,3.23,26.216,0.0,0.0,0.0,0.0
URS000072B538_9606,1,21,2.3593,33.3957,1315.46,1,21,0,0,0,0,2.3593,33.3957,0.0,0.0,0.0,0.0
URS0002342E28_9606,2,12,4.3508,11.2581,158.76,1,5,0,0,1,7,2.1591,4.9139,0.0,0.0,2.1917,6.3441
Q9UPM9,14,48,70.7507,153.597,117.1,4,25,2,7,8,16,23.2249,81.461,10.5929,21.2293,36.933,50.9067
Q9NR82,14,47,60.555,175.4359,189.71,5,13,4,19,5,15,21.6432,41.2973,16.9594,76.273,21.9524,57.8656
P83110,11,44,44.3255,128.628,190.19,3,29,7,12,1,3,15.7213,88.7467,25.7641,36.5127,2.8401,3.3687
Q99643,14,87,75.1701,367.0047,388.23,4,49,5,16,5,22,28.366,232.1262,23.9058,66.9343,22.8982,67.9441
URS00008B5EF5_9606,2,26,5.4831,43.1538,687.03,1,21,0,0,1,5,2.3593,33.3957,0.0,0.0,3.1238,9.7582
A6NC97,4,42,18.701,87.3593,367.14,1,28,1,6,2,8,7.3643,60.4528,8.0952,19.3026,3.2415,7.6039
Q5HYL7,8,44,28.6862,129.7952,352.46,5,37,1,3,2,4,24.3716,123.8865,1.0314,2.0969,3.2832,3.8118
URS000047456A_9606,1,9,2.9721,16.5244,455.98,0,0,0,0,1,9,0.0,0.0,0.0,0.0,2.9721,16.5244
URS0000DE8535_9606,2,10,4.0684,10.5183,158.53,0,0,1,3,1,7,0.0,0.0,2.0434,4.3409,2.025,6.1774
Q8N661,12,33,61.272,131.9842,115.41,3,14,6,13,3,6,18.9512,53.2314,35.5329,69.0622,6.788,9.6906
URS0000636DBD_9606,5,28,19.8465,69.3835,249.6,2,12,1,6,2,10,7.7596,28.1519,4.1048,12.8342,7.9821,28.3974
P41212,21,87,69.5781,212.1326,204.88,7,55,10,21,4,11,26.4222,131.9566,33.8281,65.0291,9.3277,15.1468
Q14154,16,79,81.8808,287.6151,251.26,9,47,3,15,4,17,55.4381,188.5619,11.4596,54.5284,14.9831,44.5248
URS00003A2D5F_9606,2,10,4.0684,10.5183,158.53,0,0,1,3,1,7,0.0,0.0,2.0434,4.3409,2.025,6.1774
P28476,23,84,115.2454,334.2879,190.07,8,28,8,31,7,25,38.7232,103.1655,44.4955,147.413,32.0267,83.7093
URS0000D5CAB2_9606,2,26,5.4831,43.1538,687.03,1,21,0,0,1,5,2.3593,33.3957,0.0,0.0,3.1238,9.7582
URS0000EF51BF_9606,5,28,19.8465,69.3835,249.6,2,12,1,6,2,10,7.7596,28.1519,4.1048,12.8342,7.9821,28.3974
URS0000EB9814_9606,2,13,6.1315,22.7048,270.3,1,8,0,0,1,5,3.0647,13.0601,0.0,0.0,3.0668,9.6447
URS0000D5C543_9606,2,12,4.3508,11.2581,158.76,1,5,0,0,1,7,2.1591,4.9139,0.0,0.0,2.1917,6.3441
P16452,14,65,71.8165,193.5761,169.54,4,26,4,25,6,14,25.4743,83.7141,18.4773,73.0733,27.8649,36.7888
Q9Y691,15,79,83.0166,337.224,306.21,8,38,4,28,3,13,46.5431,152.8938,26.8449,140.4453,9.6286,43.8849
O00471,16,59,84.6491,242.7902,186.82,10,45,2,6,4,8,61.3899,202.2513,6.0182,14.9619,17.2411,25.577
URS00008B5F89_9606,2,16,6.0993,26.6055,336.2,1,9,1,7,0,0,2.9648,13.3626,3.1345,13.2429,0.0,0.0
Q5CZC0,7,34,46.6575,138.6242,197.11,3,28,0,0,4,6,19.1301,110.5682,0.0,0.0,27.5274,28.056
Q66PJ3,7,32,20.7098,62.6585,202.56,2,12,2,5,3,15,8.9754,26.4679,3.1163,5.8553,8.6181,30.3352
URS0002A66478_9606,2,13,6.1315,22.7048,270.3,1,8,0,0,1,5,3.0647,13.0601,0.0,0.0,3.0668,9.6447
Q5GH73,5,31,28.5218,128.9989,352.28,3,27,0,0,2,4,25.0647,125.0132,0.0,0.0,3.4571,3.9857
Q9BUK6,8,44,35.6591,126.9368,255.97,3,25,1,3,4,16,22.2225,87.1935,1.0314,2.0969,12.4052,37.6463
B0L3A2,6,28,37.2605,91.7875,146.34,2,12,3,12,1,4,15.6165,36.3973,19.6436,51.4046,2.0004,3.9857
CPX-6943,5,34,24.6262,97.2097,294.74,2,25,2,6,1,3,10.1342,76.8501,11.4268,16.7657,3.0652,3.5938
URS00019F2342_9606,3,24,16.3741,58.6981,258.48,1,10,1,6,1,8,5.4727,22.0624,5.4616,14.6597,5.4398,21.9759
Q8WWI1,20,92,69.0978,244.5219,253.88,7,49,3,14,10,29,24.3224,129.6218,7.3535,33.3082,37.422,81.5919
O43556,15,50,72.6153,172.9957,138.24,3,16,0,0,12,34,16.5437,55.3166,0.0,0.0,56.0716,117.6791
URS0002345B84_9606,2,16,6.0993,26.6055,336.2,1,9,1,7,0,0,2.9648,13.3626,3.1345,13.2429,0.0,0.0
URS0002342E7D_9606,2,13,6.1315,22.7048,270.3,1,8,0,0,1,5,3.0647,13.0601,0.0,0.0,3.0668,9.6447
Q16698,12,66,58.3696,217.2462,272.19,4,33,4,19,4,14,21.164,118.4769,24.4463,70.1366,12.7594,28.6327
URS00006457A3_9606,2,16,6.0993,26.6055,336.2,1,9,1,7,0,0,2.9648,13.3626,3.1345,13.2429,0.0,0.0
URS00006A4545_9606,5,28,19.8465,69.3835,249.6,2,12,1,6,2,10,7.7596,28.1519,4.1048,12.8342,7.9821,28.3974
URS0000686139_9606,1,21,2.3593,33.3957,1315.46,1,21,0,0,0,0,2.3593,33.3957,0.0,0.0,0.0,0.0
URS00006B4457_9606,2,26,5.4831,43.1538,687.03,1,21,0,0,1,5,2.3593,33.3957,0.0,0.0,3.1238,9.7582
Q7Z5L9,10,75,34.2668,183.3717,435.13,4,53,3,13,3,9,17.729,139.4812,10.4636,33.4539,6.0742,10.4366
Q8IYD8,27,107,140.6881,403.9676,187.14,8,50,13,43,6,14,54.6204,200.3774,58.6209,167.6425,27.4469,35.9477
Q86V24,16,57,80.8923,202.8809,150.8,8,39,6,14,2,4,49.2471,146.8939,28.1881,52.0013,3.4571,3.9857
Q9NWS9,14,67,39.6642,143.3893,261.51,3,28,7,23,4,16,7.958,49.7302,18.7814,59.0172,12.9248,34.642
URS0000EAE6B8_9606,1,21,2.3593,33.3957,1315.46,1,21,0,0,0,0,2.3593,33.3957,0.0,0.0,0.0,0.0
URS0000EE3FB8_9606,2,10,4.0684,10.5183,158.53,0,0,1,3,1,7,0.0,0.0,2.0434,4.3409,2.025,6.1774
URS000005DB15_9606,2,16,6.0993,26.6055,336.2,1,9,1,7,0,0,2.9648,13.3626,3.1345,13.2429,0.0,0.0
Q8WXF7,22,77,118.0067,294.6402,149.68,5,26,7,27,10,24,35.6919,116.1214,28.4081,92.5671,53.9067,85.9517
URS0000EA455B_9606,2,16,6.0993,26.6055,336.2,1,9,1,7,0,0,2.9648,13.3626,3.1345,13.2429,0.0,0.0
O60870,18,49,57.6657,120.297,108.61,6,24,6,13,6,12,28.2876,75.0485,14.0653,25.5734,15.3128,19.6752
P48145,14,38,62.956,130.3493,107.05,5,16,5,13,4,9,24.8376,55.1237,27.4979,54.843,10.6206,20.3826
Q9BWX1,11,54,44.7093,161.341,260.87,2,17,6,22,3,15,13.1257,53.488,22.6943,77.2466,8.8892,30.6064
URS00006F64D0_9606,1,21,2.3593,33.3957,1315.46,1,21,0,0,0,0,2.3593,33.3957,0.0,0.0,0.0,0.0
Q86V20,14,121,71.9803,464.2514,544.97,8,104,1,3,5,14,52.994,431.8219,1.0314,2.0969,17.9548,30.3326
URS00009574F5_9606,2,13,6.1315,22.7048,270.3,1,8,0,0,1,5,3.0647,13.0601,0.0,0.0,3.0668,9.6447
CPX-2749,4,26,18.1082,85.0439,369.64,0,0,3,19,1,7,0.0,0.0,16.3234,78.8966,1.7848,6.1472
URS0000272363_9606,2,10,4.0684,10.5183,158.53,0,0,1,3,1,7,0.0,0.0,2.0434,4.3409,2.025,6.1774
URS000062CAEB_9606,1,21,2.3593,33.3957,1315.46,1,21,0,0,0,0,2.3593,33.3957,0.0,0.0,0.0,0.0
P55786,18,75,82.2077,257.1204,212.77,5,42,8,18,5,15,28.9895,161.6504,41.6853,68.3791,11.5329,27.0909
URS0002A385D9_9606,2,12,4.3508,11.2581,158.76,1,5,0,0,1,7,2.1591,4.9139,0.0,0.0,2.1917,6.3441
Q96D96,30,114,152.1933,437.955,187.76,15,61,6,21,9,32,85.5854,245.4652,27.8534,88.1757,38.7545,104.3141
Q5TGY1,2,6,2.4881,4.0822,64.07,0,0,1,3,1,3,0.0,0.0,1.0314,2.0969,1.4567,1.9853
URS0001B8B5E3_9606,2,10,4.0684,10.5183,158.53,0,0,1,3,1,7,0.0,0.0,2.0434,4.3409,2.025,6.1774
P0C7M6,2,4,6.3637,7.4292,16.74,0,0,2,4,0,0,0.0,0.0,6.3637,7.4292,0.0,0.0
P15151,25,128,124.6618,594.5454,376.93,11,99,6,15,8,14,74.5871,499.8359,24.7987,53.0795,25.2761,41.6301
URS0000D6D716_9606,2,12,4.3508,11.2581,158.76,1,5,0,0,1,7,2.1591,4.9139,0.0,0.0,2.1917,6.3441
URS0002A6F3E5_9606,2,12,4.3508,11.2581,158.76,1,5,0,0,1,7,2.1591,4.9139,0.0,0.0,2.1917,6.3441
Q15283,12,46,39.5757,127.708,222.69,4,23,5,18,3,5,15.9692,67.3422,15.5995,51.8302,8.007,8.5356
URS0000EA1D4E_9606,7,36,23.9149,79.3407,231.76,2,12,2,8,3,16,7.7596,28.1519,6.1482,16.797,10.0071,34.3918
Q8TD33,1,3,2.8401,3.3687,18.61,0,0,0,0,1,3,0.0,0.0,0.0,0.0,2.8401,3.3687
O95922,15,73,79.5345,246.69,210.17,3,24,7,29,5,20,20.3176,84.0312,35.4756,104.1711,23.7413,58.4877
Q5T1C6,17,78,72.0393,264.0878,266.59,6,42,3,11,8,25,30.004,141.3051,11.79,46.3446,30.2453,76.438
CPX-8429,6,37,29.1869,120.4592,312.72,2,14,3,18,1,5,10.2311,50.102,15.4878,62.5299,3.4679,7.8273
Q71RC9,2,6,2.4881,4.0822,64.07,0,0,1,3,1,3,0.0,0.0,1.0314,2.0969,1.4567,1.9853
URS0002A596A6_9606,1,16,3.23,26.216,711.64,1,16,0,0,0,0,3.23,26.216,0.0,0.0,0.0,0.0
Q6ZU64,18,70,94.1281,267.6616,184.36,7,36,2,5,9,29,42.1467,159.2778,3.1163,5.8553,48.8652,102.5284
URS0002A6A885_9606,2,26,5.4831,43.1538,687.03,1,21,0,0,1,5,2.3593,33.3957,0.0,0.0,3.1238,9.7582
Q9P0S3,11,61,61.8998,216.1741,249.23,6,43,1,3,4,15,43.8192,173.6062,1.0314,2.0969,17.0492,40.471
URS00016CC9AD_9606,2,16,6.0993,26.6055,336.2,1,9,1,7,0,0,2.9648,13.3626,3.1345,13.2429,0.0,0.0
Q9NWU2,13,62,43.6839,163.355,273.95,4,38,3,8,6,16,19.2459,112.1238,8.4602,18.6547,15.9778,32.5765
URS00003809CF_9606,2,10,4.0684,10.5183,158.53,0,0,1,3,1,7,0.0,0.0,2.0434,4.3409,2.025,6.1774
URS00002F02CE_9606,2,10,4.0684,10.5183,158.53,0,0,1,3,1,7,0.0,0.0,2.0434,4.3409,2.025,6.1774
Q9UKD1,16,61,44.5808,124.3197,178.86,3,29,8,21,5,11,10.9211,55.1276,22.0431,53.2129,11.6167,15.9791
URS0000E91FA5_9606,2,12,4.3508,11.2581,158.76,1,5,0,0,1,7,2.1591,4.9139,0.0,0.0,2.1917,6.3441
URS0000E957E4_9606,2,12,4.3508,11.2581,158.76,1,5,0,0,1,7,2.1591,4.9139,0.0,0.0,2.1917,6.3441
Q9NPR2,16,61,78.4377,218.1671,178.14,7,38,4,12,5,11,37.7453,137.0742,23.6112,46.8031,17.0812,34.2897
Q0VAQ4,5,18,12.6574,30.9152,144.25,0,0,1,3,4,15,0.0,0.0,1.0314,2.0969,11.626,28.8182
P0DKV0,3,14,8.8582,35.2947,298.44,2,11,0,0,1,3,7.4015,33.3095,0.0,0.0,1.4567,1.9853
Q15047,29,94,146.7105,309.0594,110.66,7,43,17,38,5,13,32.1592,109.498,100.7857,179.1014,13.7656,20.46
URS0000EB18BF_9606,5,28,19.8465,69.3835,249.6,2,12,1,6,2,10,7.7596,28.1519,4.1048,12.8342,7.9821,28.3974
URS0000EBB522_9606,2,10,4.0684,10.5183,158.53,0,0,1,3,1,7,0.0,0.0,2.0434,4.3409,2.025,6.1774
URS000225EDC7_9606,2,26,9.5397,55.1612,478.23,2,26,0,0,0,0,9.5397,55.1612,0.0,0.0,0.0,0.0
Q8NCP5,6,32,13.5238,52.8701,290.94,1,14,4,11,1,7,2.8273,26.3031,8.9116,20.4198,1.7848,6.1472
P78346,14,58,70.7267,214.0795,202.69,4,16,4,19,6,23,20.8953,56.9731,18.8381,78.988,30.9932,78.1185
URS0000EB2919_9606,2,12,4.3508,11.2581,158.76,1,5,0,0,1,7,2.1591,4.9139,0.0,0.0,2.1917,6.3441
Q92804,15,73,42.2243,181.7404,330.42,3,43,8,18,4,12,11.9343,123.3174,22.024,43.4627,8.2659,14.9603
URS00025C661B_9606,2,13,6.1315,22.7048,270.3,1,8,0,0,1,5,3.0647,13.0601,0.0,0.0,3.0668,9.6447
URS00005CFC6B_9606,2,10,4.0684,10.5183,158.53,0,0,1,3,1,7,0.0,0.0,2.0434,4.3409,2.025,6.1774
URS00006BD53C_9606,2,26,5.4831,43.1538,687.03,1,21,0,0,1,5,2.3593,33.3957,0.0,0.0,3.1238,9.7582
URS000075AF8C_9606,2,28,7.1334,50.5005,607.95,1,21,1,7,0,0,2.3593,33.3957,4.774,17.1048,0.0,0.0
P05161,32,172,164.4944,665.9293,304.83,22,146,4,11,6,15,130.8077,601.7043,16.6182,38.437,17.0686,25.788
CPX-26384,2,21,13.02,72.4891,456.75,1,12,1,9,0,0,5.5787,31.6054,7.4413,40.8838,0.0,0.0
CPX-9163,2,14,10.6134,47.2313,345.01,1,6,1,8,0,0,3.5642,10.6362,7.0492,36.5951,0.0,0.0
Q96S52,7,50,40.0346,204.7206,411.36,3,33,1,3,3,14,24.991,147.1326,1.0314,2.0969,14.0121,55.4911
URS00006680D2_9606,2,16,6.0993,26.6055,336.2,1,9,1,7,0,0,2.9648,13.3626,3.1345,13.2429,0.0,0.0
Q8N0Y7,10,93,60.0504,436.6476,627.14,2,75,6,8,2,10,14.7836,370.1576,35.883,43.554,9.3838,22.936
URS0000EB18D5_9606,5,28,19.8465,69.3835,249.6,2,12,1,6,2,10,7.7596,28.1519,4.1048,12.8342,7.9821,28.3974
URS00006DB015_9606,2,12,4.3508,11.2581,158.76,1,5,0,0,1,7,2.1591,4.9139,0.0,0.0,2.1917,6.3441
URS00006D8D2C_9606,2,12,4.3508,11.2581,158.76,1,5,0,0,1,7,2.1591,4.9139,0.0,0.0,2.1917,6.3441
URS00005B510E_9606,3,31,20.5768,108.1577,425.63,1,11,1,11,1,9,5.1427,23.5514,7.9521,46.6612,7.4821,37.9451
Q9Y5I7,18,53,95.1928,210.7814,121.43,8,30,6,14,4,9,51.7478,131.3021,28.5203,52.8156,14.9247,26.6636
URS00001CC864_9606,2,26,5.4831,43.1538,687.03,1,21,0,0,1,5,2.3593,33.3957,0.0,0.0,3.1238,9.7582
URS000082A21B_9606,2,12,4.3508,11.2581,158.76,1,5,0,0,1,7,2.1591,4.9139,0.0,0.0,2.1917,6.3441
URS0000D57343_9606,1,21,2.3593,33.3957,1315.46,1,21,0,0,0,0,2.3593,33.3957,0.0,0.0,0.0,0.0
Q96PU5,43,167,239.3783,725.9529,203.27,27,118,8,25,8,24,171.7547,551.2318,41.1844,112.3382,26.4392,62.383
URS000233A411_9606,2,12,4.3508,11.2581,158.76,1,5,0,0,1,7,2.1591,4.9139,0.0,0.0,2.1917,6.3441
URS00006C5C35_9606,2,16,6.0993,26.6055,336.2,1,9,1,7,0,0,2.9648,13.3626,3.1345,13.2429,0.0,0.0
Q9HBV1,9,39,42.7691,125.7716,194.07,4,17,3,17,2,5,24.0369,65.7897,11.3603,50.081,7.3719,9.9009
Q13823,9,43,26.7851,105.7779,294.91,1,6,5,26,3,11,5.8318,18.834,15.52,74.8162,5.4333,12.1276
URS00005B03B4_9606,2,10,4.0684,10.5183,158.53,0,0,1,3,1,7,0.0,0.0,2.0434,4.3409,2.025,6.1774
URS0000119361_9606,2,16,6.0993,26.6055,336.2,1,9,1,7,0,0,2.9648,13.3626,3.1345,13.2429,0.0,0.0
O95715,13,57,53.9679,190.8282,253.6,7,34,3,14,3,9,31.511,124.5208,12.9302,52.4184,9.5267,13.8891
URS0000D5AAA3_9606,2,10,4.0684,10.5183,158.53,0,0,1,3,1,7,0.0,0.0,2.0434,4.3409,2.025,6.1774
URS00004D3610_9606,2,10,4.0684,10.5183,158.53,0,0,1,3,1,7,0.0,0.0,2.0434,4.3409,2.025,6.1774
Q8IZH2,33,146,179.4337,592.772,230.36,13,102,12,21,8,23,93.4333,439.8398,61.5791,95.1969,24.4212,57.7353
CPX-2403,4,26,21.1041,82.7962,292.32,2,12,2,14,0,0,11.8071,39.1556,9.297,43.6406,0.0,0.0
Q9NPB1,19,102,121.8763,541.8597,344.6,11,74,6,17,2,11,80.6098,457.9039,33.5032,61.6711,7.7633,22.2847
Q9UGI0,24,67,114.4352,213.3436,86.43,9,37,11,20,4,10,60.5759,130.8013,45.6757,69.9964,8.1835,12.5459
Q96LZ2,3,36,6.5587,59.0162,799.82,1,26,1,3,1,7,3.7424,50.7721,1.0314,2.0969,1.7848,6.1472
Q9Y6T7,23,78,96.0874,257.777,168.27,9,35,9,29,5,14,49.1542,141.1755,34.0369,89.8881,12.8964,26.7135
P49674,35,151,159.8138,535.3379,234.98,19,107,9,28,7,16,110.1654,421.2517,29.1427,77.7348,20.5057,36.3514
URS000036B9CC_9606,2,10,4.0684,10.5183,158.53,0,0,1,3,1,7,0.0,0.0,2.0434,4.3409,2.025,6.1774
URS0000D56608_9606,2,26,5.4831,43.1538,687.03,1,21,0,0,1,5,2.3593,33.3957,0.0,0.0,3.1238,9.7582
URS0002338B25_9606,2,12,4.3508,11.2581,158.76,1,5,0,0,1,7,2.1591,4.9139,0.0,0.0,2.1917,6.3441
Q9Y546,1,3,2.4629,2.9914,21.46,0,0,0,0,1,3,0.0,0.0,0.0,0.0,2.4629,2.9914
URS0000139685_9606,2,10,4.0684,10.5183,158.53,0,0,1,3,1,7,0.0,0.0,2.0434,4.3409,2.025,6.1774
Q969I6,19,67,120.7665,336.8376,178.92,9,34,8,26,2,7,59.0782,176.0694,52.5243,141.436,9.164,19.3322
URS000075D018_9606,3,31,17.4284,104.2029,497.89,3,31,0,0,0,0,17.4284,104.2029,0.0,0.0,0.0,0.0
Q96I24,18,68,60.8214,155.3991,155.5,5,43,6,9,7,16,21.3597,100.8221,18.2286,22.0783,21.2331,32.4986
URS00004077C6_9606,2,10,4.0684,10.5183,158.53,0,0,1,3,1,7,0.0,0.0,2.0434,4.3409,2.025,6.1774
Q8NA54,11,48,59.5509,170.5611,186.41,4,25,1,3,6,20,24.3244,104.4591,1.0314,2.0969,34.1951,64.0051
P01579,66,372,422.1922,1899.1675,349.83,61,356,3,12,2,4,400.1377,1848.3989,16.1491,44.3348,5.9053,6.4339
Q8IVV2,2,14,12.4429,47.6359,282.84,1,7,0,0,1,7,5.8081,25.1214,0.0,0.0,6.6348,22.5145
Q99967,50,185,270.3192,724.4471,168.0,35,154,10,20,5,11,209.2244,630.2528,50.2355,78.9727,10.8593,15.2217
URS0002337FDC_9606,3,24,16.3741,58.6981,258.48,1,10,1,6,1,8,5.4727,22.0624,5.4616,14.6597,5.4398,21.9759
CPX-2332,2,19,11.1418,48.5841,336.05,1,14,1,5,0,0,8.3575,40.9759,2.7842,7.6082,0.0,0.0
URS0000D5D0D4_9606,2,10,4.0684,10.5183,158.53,0,0,1,3,1,7,0.0,0.0,2.0434,4.3409,2.025,6.1774
URS000071CA50_9606,2,26,5.4831,43.1538,687.03,1,21,0,0,1,5,2.3593,33.3957,0.0,0.0,3.1238,9.7582
CPX-2688,1,12,6.4554,30.0069,364.83,1,12,0,0,0,0,6.4554,30.0069,0.0,0.0,0.0,0.0
Q8N907,18,75,129.9322,365.0762,180.97,12,56,4,15,2,4,91.843,292.0998,32.1838,66.5425,5.9053,6.4339
Q9Y4Z0,27,93,114.8956,287.167,149.94,9,53,4,9,14,31,45.2614,162.013,17.9797,28.806,51.6545,96.348
Q9BR76,35,138,194.0154,583.6847,200.84,15,89,6,11,14,38,108.2065,416.4954,26.6299,39.0457,59.1791,128.1435
Q9H9P8,8,26,40.6612,77.6574,90.99,2,9,3,5,3,12,11.106,30.8823,20.4467,22.6824,9.1084,24.0927
Q4AC94,12,39,61.0008,135.7099,122.47,5,24,1,3,6,12,32.6118,102.103,1.0314,2.0969,27.3576,31.51
URS000084DA28_9606,2,10,4.0684,10.5183,158.53,0,0,1,3,1,7,0.0,0.0,2.0434,4.3409,2.025,6.1774
Q13057,15,73,68.0489,243.9794,258.54,1,23,9,26,5,24,8.2622,88.0308,41.7199,91.286,18.0668,64.6626
URS0000EDD952_9606,2,10,4.0684,10.5183,158.53,0,0,1,3,1,7,0.0,0.0,2.0434,4.3409,2.025,6.1774
P0DJD9,8,33,38.8185,103.2926,166.09,2,9,3,8,3,16,10.5039,19.5055,13.7882,30.1153,14.5264,53.6719
URS0000634C3B_9606,1,21,2.3593,33.3957,1315.46,1,21,0,0,0,0,2.3593,33.3957,0.0,0.0,0.0,0.0
P12724,19,66,98.6456,252.8628,156.33,10,41,6,13,3,12,59.5712,165.1977,27.0087,44.8695,12.0656,42.7956
URS0000DC35EA_9606,2,10,4.0684,10.5183,158.53,0,0,1,3,1,7,0.0,0.0,2.0434,4.3409,2.025,6.1774
P00540,19,112,91.9463,457.7118,397.8,9,82,9,27,1,3,55.734,374.0524,34.3858,81.3043,1.8265,2.3551
P19086,24,105,108.9401,397.747,265.11,5,41,10,39,9,25,23.9941,169.7716,51.3329,152.8869,33.6131,75.0886
P08138,50,168,249.2769,655.3912,162.92,23,114,11,20,16,34,130.1063,449.5853,60.4816,93.4972,58.6889,112.3086
URS000065AD47_9606,2,26,5.4831,43.1538,687.03,1,21,0,0,1,5,2.3593,33.3957,0.0,0.0,3.1238,9.7582
P54108,9,41,39.9928,128.5812,221.51,2,14,1,3,6,24,7.5309,43.6841,1.0314,2.0969,31.4304,82.8002
Q8WUD4,4,12,17.8627,30.8989,72.98,0,0,1,3,3,9,0.0,0.0,1.0314,2.0969,16.8313,28.802
URS00000C61C8_9606,2,16,6.0993,26.6055,336.2,1,9,1,7,0,0,2.9648,13.3626,3.1345,13.2429,0.0,0.0
URS00023472D7_9606,2,13,6.1315,22.7048,270.3,1,8,0,0,1,5,3.0647,13.0601,0.0,0.0,3.0668,9.6447
Q9P2C4,2,6,9.7189,11.313,16.4,0,0,1,3,1,3,0.0,0.0,8.2622,9.3278,1.4567,1.9853
URS0001B85E31_9606,2,10,4.0684,10.5183,158.53,0,0,1,3,1,7,0.0,0.0,2.0434,4.3409,2.025,6.1774
P42680,24,84,92.7942,244.962,163.98,8,41,12,32,4,11,39.7079,134.3061,43.4784,95.4388,9.6079,15.2171
URS00006CF75B_9606,1,21,2.3593,33.3957,1315.46,1,21,0,0,0,0,2.3593,33.3957,0.0,0.0,0.0,0.0
URS00023424DC_9606,2,10,4.0684,10.5183,158.53,0,0,1,3,1,7,0.0,0.0,2.0434,4.3409,2.025,6.1774
URS00019AB429_9606,1,10,4.141,21.8101,426.69,1,10,0,0,0,0,4.141,21.8101,0.0,0.0,0.0,0.0
Q9UNH5,24,81,120.7389,302.5332,150.57,6,40,5,12,13,29,34.6957,151.0437,21.002,40.1209,65.0411,111.3687
Q8IVN3,12,48,63.1813,179.5068,184.11,8,38,0,0,4,10,54.267,166.2301,0.0,0.0,8.9143,13.2767
Q92665,10,40,34.4284,97.2566,182.49,1,10,4,8,5,22,6.1062,19.4689,9.3413,13.9997,18.9809,63.7881
Q15562,22,88,91.2398,235.3372,157.93,9,53,8,21,5,14,38.4093,129.3462,31.0722,70.3849,21.7583,35.6061
URS000071DB14_9606,1,21,2.3593,33.3957,1315.46,1,21,0,0,0,0,2.3593,33.3957,0.0,0.0,0.0,0.0
URS0000679FD0_9606,2,12,4.3508,11.2581,158.76,1,5,0,0,1,7,2.1591,4.9139,0.0,0.0,2.1917,6.3441
P0DMT0,3,31,20.9217,111.3578,432.26,1,19,1,5,1,7,9.5615,78.5139,4.4843,15.1944,6.8759,17.6496
O75962,22,80,99.6136,263.5116,164.53,6,38,9,31,7,11,38.5199,133.4762,32.1728,94.0786,28.9209,35.9568
Q9BYW2,42,168,216.5453,640.5793,195.82,28,131,10,25,4,12,152.9653,517.9197,53.2475,105.6327,10.3324,17.0268
URS00023499D5_9606,1,15,6.7683,46.7986,591.44,1,15,0,0,0,0,6.7683,46.7986,0.0,0.0,0.0,0.0
Q9NZ43,15,61,74.3873,194.6969,161.73,8,33,2,6,5,22,39.7276,109.8941,8.0806,15.004,26.5791,69.7989
P24158,26,118,125.658,456.5531,263.33,10,77,7,13,9,28,66.6238,324.2792,24.5599,39.7949,34.4743,92.479
Q9Y446,33,120,163.1703,437.45,168.09,17,91,7,12,9,17,97.395,346.8304,31.2096,46.3914,34.5657,44.2282
URS0002576094_9606,2,13,6.1315,22.7048,270.3,1,8,0,0,1,5,3.0647,13.0601,0.0,0.0,3.0668,9.6447
URS0000EF6DD5_9606,2,12,4.3508,11.2581,158.76,1,5,0,0,1,7,2.1591,4.9139,0.0,0.0,2.1917,6.3441
URS0000EBABF0_9606,2,10,4.0684,10.5183,158.53,0,0,1,3,1,7,0.0,0.0,2.0434,4.3409,2.025,6.1774
CPX-8126,3,30,13.5993,88.3391,549.59,1,16,2,14,0,0,4.3023,44.6985,9.297,43.6406,0.0,0.0
URS0000738B18_9606,2,10,4.0684,10.5183,158.53,0,0,1,3,1,7,0.0,0.0,2.0434,4.3409,2.025,6.1774
P59045,7,35,25.7759,95.0361,268.7,1,8,4,23,2,4,4.5053,19.418,17.3348,71.1538,3.9358,4.4644
URS0000B1F1AD_9606,2,10,4.0684,10.5183,158.53,0,0,1,3,1,7,0.0,0.0,2.0434,4.3409,2.025,6.1774
URS00006FB1DD_9606,2,10,4.0684,10.5183,158.53,0,0,1,3,1,7,0.0,0.0,2.0434,4.3409,2.025,6.1774
URS0000408F05_9606,2,10,4.0684,10.5183,158.53,0,0,1,3,1,7,0.0,0.0,2.0434,4.3409,2.025,6.1774
URS00004D7B5D_9606,2,12,4.3508,11.2581,158.76,1,5,0,0,1,7,2.1591,4.9139,0.0,0.0,2.1917,6.3441
URS00007553A9_9606,2,10,4.0684,10.5183,158.53,0,0,1,3,1,7,0.0,0.0,2.0434,4.3409,2.025,6.1774
URS0000D57769_9606,1,21,2.3593,33.3957,1315.46,1,21,0,0,0,0,2.3593,33.3957,0.0,0.0,0.0,0.0
URS0000EF3B27_9606,2,12,4.3508,11.2581,158.76,1,5,0,0,1,7,2.1591,4.9139,0.0,0.0,2.1917,6.3441
URS00023420D8_9606,2,13,6.1315,22.7048,270.3,1,8,0,0,1,5,3.0647,13.0601,0.0,0.0,3.0668,9.6447
Q9HCE0,10,80,55.0603,290.9595,428.44,6,66,1,3,3,11,43.4164,264.6354,1.0314,2.0969,10.6124,24.2272
URS0000EC8040_9606,2,16,6.0993,26.6055,336.2,1,9,1,7,0,0,2.9648,13.3626,3.1345,13.2429,0.0,0.0
URS00026A24C5_9606,2,16,6.0993,26.6055,336.2,1,9,1,7,0,0,2.9648,13.3626,3.1345,13.2429,0.0,0.0
URS0000B852FD_9606,2,26,5.4831,43.1538,687.03,1,21,0,0,1,5,2.3593,33.3957,0.0,0.0,3.1238,9.7582
O75290,11,58,28.0254,114.3958,308.19,3,28,6,22,2,8,7.958,49.7302,15.8197,56.0555,4.2477,8.6101
P53609,12,36,73.1562,139.0267,90.04,2,13,9,17,1,6,18.1422,52.6888,45.047,63.9517,9.967,22.3863
Q86Y22,11,36,50.6731,127.659,151.93,1,7,4,11,6,18,5.2134,19.2919,16.3992,37.7562,29.0605,70.6109
Q96C01,3,11,6.1053,11.5332,88.91,0,0,1,3,2,8,0.0,0.0,1.0314,2.0969,5.0739,9.4363
P62875,27,91,152.3445,329.7966,116.48,14,47,5,20,8,24,97.2341,186.0689,16.0164,63.423,39.094,80.3047
URS00026378C9_9606,2,10,4.0684,10.5183,158.53,0,0,1,3,1,7,0.0,0.0,2.0434,4.3409,2.025,6.1774
CPX-7482,1,7,1.7848,6.1472,244.41,0,0,0,0,1,7,0.0,0.0,0.0,0.0,1.7848,6.1472
URS0000D5AC2E_9606,2,26,5.4831,43.1538,687.03,1,21,0,0,1,5,2.3593,33.3957,0.0,0.0,3.1238,9.7582
Q13200,22,83,102.6273,273.897,166.89,6,37,2,5,14,41,30.2205,118.4085,4.3965,8.2716,68.0103,147.2168
URS00005CA6D6_9606,2,10,4.0684,10.5183,158.53,0,0,1,3,1,7,0.0,0.0,2.0434,4.3409,2.025,6.1774
O96018,11,46,42.525,150.0376,252.82,3,23,4,11,4,12,14.3194,77.9083,14.6779,36.3741,13.5278,35.7552
URS0000693455_9606,1,21,2.3593,33.3957,1315.46,1,21,0,0,0,0,2.3593,33.3957,0.0,0.0,0.0,0.0
URS0002A26075_9606,4,22,17.7782,58.5857,229.54,2,12,0,0,2,10,7.7596,28.1519,0.0,0.0,10.0185,30.4338
URS000000D517_9606,2,12,4.3508,11.2581,158.76,1,5,0,0,1,7,2.1591,4.9139,0.0,0.0,2.1917,6.3441
Q92527,1,3,2.4629,2.9914,21.46,0,0,0,0,1,3,0.0,0.0,0.0,0.0,2.4629,2.9914
URS0002A6DAF8_9606,2,26,5.4831,43.1538,687.03,1,21,0,0,1,5,2.3593,33.3957,0.0,0.0,3.1238,9.7582
URS00008BF883_9606,2,13,6.1315,22.7048,270.3,1,8,0,0,1,5,3.0647,13.0601,0.0,0.0,3.0668,9.6447
URS00006911ED_9606,1,21,2.3593,33.3957,1315.46,1,21,0,0,0,0,2.3593,33.3957,0.0,0.0,0.0,0.0
URS00002F8148_9606,2,28,7.1334,50.5005,607.95,1,21,1,7,0,0,2.3593,33.3957,4.774,17.1048,0.0,0.0
O43432,16,67,77.7093,200.3421,157.81,7,49,6,10,3,8,38.1096,138.3973,27.5687,36.3932,12.031,25.5516
Q9BZQ2,7,39,38.0464,125.2479,229.2,4,28,1,3,2,8,24.1165,106.1,1.0314,2.0969,12.8985,17.0509
Q6PEX7,1,4,2.0004,3.9857,99.24,0,0,0,0,1,4,0.0,0.0,0.0,0.0,2.0004,3.9857
URS00019B7655_9606,2,13,6.1315,22.7048,270.3,1,8,0,0,1,5,3.0647,13.0601,0.0,0.0,3.0668,9.6447
URS0000630E3D_9606,5,28,19.8465,69.3835,249.6,2,12,1,6,2,10,7.7596,28.1519,4.1048,12.8342,7.9821,28.3974
URS0000689C94_9606,2,12,4.3508,11.2581,158.76,1,5,0,0,1,7,2.1591,4.9139,0.0,0.0,2.1917,6.3441
URS0000EA37E5_9606,3,17,10.0003,31.9303,219.29,1,5,0,0,2,12,2.1591,4.9139,0.0,0.0,7.8412,27.0164
URS00008B8BF4_9606,2,13,6.1315,22.7048,270.3,1,8,0,0,1,5,3.0647,13.0601,0.0,0.0,3.0668,9.6447
Q53QV2,17,104,86.9043,347.3915,299.74,13,92,1,3,3,9,80.9096,335.9689,1.0314,2.0969,4.9633,9.3257
Q9Y5Y7,16,68,79.0587,244.3536,209.08,8,47,4,9,4,12,46.4375,185.9134,20.1859,32.4526,12.4354,25.9877
URS0000819BF9_9606,2,12,4.3508,11.2581,158.76,1,5,0,0,1,7,2.1591,4.9139,0.0,0.0,2.1917,6.3441
URS00003735F0_9606,2,26,5.4831,43.1538,687.03,1,21,0,0,1,5,2.3593,33.3957,0.0,0.0,3.1238,9.7582
URS0000EA9EC4_9606,1,21,2.3593,33.3957,1315.46,1,21,0,0,0,0,2.3593,33.3957,0.0,0.0,0.0,0.0
URS0002345049_9606,2,12,4.3508,11.2581,158.76,1,5,0,0,1,7,2.1591,4.9139,0.0,0.0,2.1917,6.3441
URS00006E0FB6_9606,5,28,19.8465,69.3835,249.6,2,12,1,6,2,10,7.7596,28.1519,4.1048,12.8342,7.9821,28.3974
URS00006CB892_9606,2,12,4.3508,11.2581,158.76,1,5,0,0,1,7,2.1591,4.9139,0.0,0.0,2.1917,6.3441
URS0000730913_9606,2,10,4.0684,10.5183,158.53,0,0,1,3,1,7,0.0,0.0,2.0434,4.3409,2.025,6.1774
URS000230F4E9_9606,2,26,5.4831,43.1538,687.03,1,21,0,0,1,5,2.3593,33.3957,0.0,0.0,3.1238,9.7582
Q8WTW4,8,65,43.6297,230.704,428.78,3,45,2,10,3,10,19.6672,170.0023,6.0567,29.7074,17.9057,30.9943
O75388,11,43,53.7056,145.4499,170.83,6,29,3,10,2,4,29.1559,93.9108,21.0926,47.5534,3.4571,3.9857
URS0002E98385_9606,2,10,4.0684,10.5183,158.53,0,0,1,3,1,7,0.0,0.0,2.0434,4.3409,2.025,6.1774
P16070,47,173,250.3391,742.5763,196.63,25,122,7,14,15,37,151.4579,554.1885,33.083,53.7903,65.7982,134.5975
URS00008B8C2B_9606,2,13,6.1315,22.7048,270.3,1,8,0,0,1,5,3.0647,13.0601,0.0,0.0,3.0668,9.6447
Q96J66,24,90,124.3795,376.3721,202.6,7,21,10,47,7,22,42.2982,98.7591,60.0283,224.6938,22.053,52.9192
Q5ST30,13,60,70.8521,203.3076,186.95,4,22,7,30,2,8,27.8585,80.3216,37.637,113.267,5.3567,9.7191
Q12889,12,50,76.3621,213.1449,179.12,4,24,2,9,6,17,26.2124,116.4156,17.4491,37.8048,32.7007,58.9246
CPX-3220,2,15,14.5358,42.3585,191.41,2,15,0,0,0,0,14.5358,42.3585,0.0,0.0,0.0,0.0
Q9BSF8,7,35,27.1861,84.757,211.77,2,22,1,3,4,10,14.1117,66.2547,1.0314,2.0969,12.043,16.4054
Q8N720,14,80,38.0954,197.11,417.41,3,44,6,22,5,14,12.0094,122.6371,15.8197,56.0555,10.2663,18.4174
URS00006680E3_9606,2,12,4.3508,11.2581,158.76,1,5,0,0,1,7,2.1591,4.9139,0.0,0.0,2.1917,6.3441
Q6P9H4,11,63,43.5915,207.1436,375.19,5,51,2,5,4,7,29.1732,185.184,4.389,7.9548,10.0292,14.0049
URS0000EEB6FE_9606,2,12,4.3508,11.2581,158.76,1,5,0,0,1,7,2.1591,4.9139,0.0,0.0,2.1917,6.3441
URS0002347F3E_9606,5,28,23.9719,73.5089,206.65,2,12,1,6,2,10,7.7596,28.1519,6.1493,14.8787,10.063,30.4782
URS000041F103_9606,2,16,6.0993,26.6055,336.2,1,9,1,7,0,0,2.9648,13.3626,3.1345,13.2429,0.0,0.0
O95299,11,95,58.3759,392.4802,572.33,5,57,1,12,5,26,30.6493,254.1636,6.9225,55.3224,20.8042,82.9942
O15195,11,73,60.6334,286.3411,372.25,5,47,5,18,1,8,33.0392,210.3151,22.5399,63.1475,5.0543,12.8785
P52736,13,66,35.6183,131.9179,270.37,5,39,7,20,1,7,15.0607,76.8646,18.7727,48.9061,1.7848,6.1472
URS00008C809E_9606,2,10,4.0684,10.5183,158.53,0,0,1,3,1,7,0.0,0.0,2.0434,4.3409,2.025,6.1774
Q99558,16,60,66.1565,187.3015,183.12,5,29,9,27,2,4,27.835,101.5329,34.3858,81.3043,3.9358,4.4644
P69892,13,37,79.6696,155.2533,94.87,3,16,6,14,4,7,22.7765,69.8339,32.4876,59.1333,24.4056,26.2861
P17600,32,126,174.1078,498.2208,186.16,10,54,7,29,15,43,65.9221,231.9997,31.4313,99.4519,76.7543,166.7692
P12883,30,113,182.8433,497.7806,172.24,12,61,8,29,10,23,87.4723,301.9489,35.1155,98.182,60.2555,97.6496
Q9UNT1,19,76,82.2602,243.1042,195.53,5,31,7,28,7,17,24.3476,109.6683,24.2753,84.1702,33.6373,49.2658
O60895,38,167,224.658,710.1275,216.09,26,127,4,17,8,23,163.9038,534.8824,26.3372,87.4712,34.417,87.774
Q5BVD1,3,12,6.5389,13.4235,105.29,0,0,1,3,2,9,0.0,0.0,1.0314,2.0969,5.5075,11.3266
URS0000E9984C_9606,5,28,23.9719,73.5089,206.65,2,12,1,6,2,10,7.7596,28.1519,6.1493,14.8787,10.063,30.4782
CPX-2411,4,30,23.6298,90.8967,284.67,1,10,3,20,0,0,6.6171,25.8862,17.0127,65.0105,0.0,0.0
A0PJK1,15,53,85.8729,244.6428,184.89,7,19,4,21,4,13,43.7609,87.469,31.0461,129.1086,11.0659,28.0653
CPX-7104,3,25,17.1378,96.1762,461.19,1,6,2,19,0,0,3.5642,10.6362,13.5735,85.54,0.0,0.0
URS0002EA0492_9606,2,10,4.0684,10.5183,158.53,0,0,1,3,1,7,0.0,0.0,2.0434,4.3409,2.025,6.1774
URS000007A060_9606,2,28,7.1334,50.5005,607.95,1,21,1,7,0,0,2.3593,33.3957,4.774,17.1048,0.0,0.0
URS0000EC202D_9606,2,10,4.0684,10.5183,158.53,0,0,1,3,1,7,0.0,0.0,2.0434,4.3409,2.025,6.1774
URS00006D3EC4_9606,2,12,4.3508,11.2581,158.76,1,5,0,0,1,7,2.1591,4.9139,0.0,0.0,2.1917,6.3441
Q12805,19,116,102.3414,414.0814,304.61,8,67,6,33,5,16,53.3714,256.0324,32.4579,121.6048,16.5121,36.4443
URS0000D58C15_9606,2,16,6.0993,26.6055,336.2,1,9,1,7,0,0,2.9648,13.3626,3.1345,13.2429,0.0,0.0
O95674,14,51,68.7804,183.1549,166.29,5,29,5,9,4,13,33.5182,121.6278,22.3893,33.67,12.8729,27.8571
URS0000ECAECB_9606,2,10,4.0684,10.5183,158.53,0,0,1,3,1,7,0.0,0.0,2.0434,4.3409,2.025,6.1774
URS0000647D68_9606,1,21,2.3593,33.3957,1315.46,1,21,0,0,0,0,2.3593,33.3957,0.0,0.0,0.0,0.0
CPX-6157,5,46,29.363,166.8589,468.26,3,33,1,9,1,4,17.4526,121.8476,5.2756,31.8322,6.6348,13.1791
Q96NX9,7,52,21.4202,102.8078,379.96,2,28,3,15,2,9,5.5236,49.7302,9.5958,41.0625,6.3008,12.0151
CPX-8190,3,37,24.259,190.9773,687.24,2,22,1,15,0,0,14.2921,103.991,9.967,86.9863,0.0,0.0
URS00001D6E8E_9606,2,10,4.0684,10.5183,158.53,0,0,1,3,1,7,0.0,0.0,2.0434,4.3409,2.025,6.1774
Q9H9E1,15,40,52.5875,97.3101,85.04,2,12,5,12,8,16,6.0286,20.6058,23.3068,46.7578,23.2521,29.9465
URS0000D59374_9606,2,8,3.6114,7.9738,120.8,0,0,0,0,2,8,0.0,0.0,0.0,0.0,3.6114,7.9738
URS00006C094F_9606,2,12,4.3508,11.2581,158.76,1,5,0,0,1,7,2.1591,4.9139,0.0,0.0,2.1917,6.3441
P68104,35,123,152.7655,422.1349,176.33,6,42,12,39,17,42,35.8844,148.8922,48.0968,132.4389,68.7842,140.8038
Q8N126,8,19,32.8572,51.9635,58.15,3,6,1,3,4,10,16.0306,21.0624,1.0314,2.0969,15.7952,28.8042
URS00007883F5_9606,2,10,4.0684,10.5183,158.53,0,0,1,3,1,7,0.0,0.0,2.0434,4.3409,2.025,6.1774
Q9Y258,23,115,129.6309,494.0169,281.1,15,94,6,17,2,4,82.1578,409.7424,41.5677,77.8406,5.9053,6.4339
URS00025C99CD_9606,1,16,3.23,26.216,711.64,1,16,0,0,0,0,3.23,26.216,0.0,0.0,0.0,0.0
URS00001A40BD_9606,2,10,4.0684,10.5183,158.53,0,0,1,3,1,7,0.0,0.0,2.0434,4.3409,2.025,6.1774
URS000048FB07_9606,2,10,4.0684,10.5183,158.53,0,0,1,3,1,7,0.0,0.0,2.0434,4.3409,2.025,6.1774
O43143,29,114,130.8053,372.5319,184.8,11,54,11,36,7,24,55.1066,175.289,42.3646,121.7084,33.3341,75.5345
CPX-1748,2,11,9.8385,29.0576,195.35,0,0,2,11,0,0,0.0,0.0,9.8385,29.0576,0.0,0.0
URS0000D57FD8_9606,1,26,4.2272,50.7496,1100.55,1,26,0,0,0,0,4.2272,50.7496,0.0,0.0,0.0,0.0
URS0000DBA0E8_9606,1,16,3.23,26.216,711.64,1,16,0,0,0,0,3.23,26.216,0.0,0.0,0.0,0.0
URS000073D190_9606,2,10,4.0684,10.5183,158.53,0,0,1,3,1,7,0.0,0.0,2.0434,4.3409,2.025,6.1774
P0C7M3,7,27,33.0824,86.4674,161.37,1,5,0,0,6,22,6.6348,17.016,0.0,0.0,26.4476,69.4514
URS00008B363D_9606,2,12,4.3508,11.2581,158.76,1,5,0,0,1,7,2.1591,4.9139,0.0,0.0,2.1917,6.3441
URS00026F4DE7_9606,2,10,4.0684,10.5183,158.53,0,0,1,3,1,7,0.0,0.0,2.0434,4.3409,2.025,6.1774
URS0002342081_9606,1,7,1.7848,6.1472,244.41,0,0,0,0,1,7,0.0,0.0,0.0,0.0,1.7848,6.1472
URS0000EAACA3_9606,2,12,4.3508,11.2581,158.76,1,5,0,0,1,7,2.1591,4.9139,0.0,0.0,2.1917,6.3441
URS0000EA4CF7_9606,1,21,2.3593,33.3957,1315.46,1,21,0,0,0,0,2.3593,33.3957,0.0,0.0,0.0,0.0
Q8N660,1,3,1.8265,2.3551,28.94,0,0,0,0,1,3,0.0,0.0,0.0,0.0,1.8265,2.3551
Q13219,13,37,47.4516,91.9247,93.72,3,17,8,16,2,4,12.6605,42.2544,28.8857,43.2364,5.9053,6.4339
O43677,9,90,52.0335,375.9787,622.57,5,57,1,12,3,21,30.6493,254.1636,6.9225,55.3224,14.4617,66.4927
URS00008B8109_9606,2,16,6.0993,26.6055,336.2,1,9,1,7,0,0,2.9648,13.3626,3.1345,13.2429,0.0,0.0
URS00003CFBFC_9606,2,10,4.0684,10.5183,158.53,0,0,1,3,1,7,0.0,0.0,2.0434,4.3409,2.025,6.1774
O14994,17,85,88.3542,311.0436,252.04,7,39,3,17,7,29,46.0104,163.2755,7.2307,42.056,35.1131,105.7121
URS0000658275_9606,1,21,2.3593,33.3957,1315.46,1,21,0,0,0,0,2.3593,33.3957,0.0,0.0,0.0,0.0
URS00001E2B2C_9606,2,10,4.0684,10.5183,158.53,0,0,1,3,1,7,0.0,0.0,2.0434,4.3409,2.025,6.1774
URS00006935F4_9606,1,21,2.3593,33.3957,1315.46,1,21,0,0,0,0,2.3593,33.3957,0.0,0.0,0.0,0.0
URS000254F927_9606,2,12,4.3508,11.2581,158.76,1,5,0,0,1,7,2.1591,4.9139,0.0,0.0,2.1917,6.3441
CPX-490,4,36,12.1112,67.3248,455.89,1,15,2,14,1,7,2.6963,23.6377,7.6301,37.5399,1.7848,6.1472
P43308,6,36,25.5627,110.8809,333.76,2,23,1,3,3,10,16.0628,93.579,1.0314,2.0969,8.4685,15.205
URS00007763E2_9606,2,10,4.0684,10.5183,158.53,0,0,1,3,1,7,0.0,0.0,2.0434,4.3409,2.025,6.1774
URS000052965D_9606,2,10,4.0684,10.5183,158.53,0,0,1,3,1,7,0.0,0.0,2.0434,4.3409,2.025,6.1774
URS0001A56002_9606,2,10,4.0684,10.5183,158.53,0,0,1,3,1,7,0.0,0.0,2.0434,4.3409,2.025,6.1774
URS000255BE4D_9606,1,16,3.23,26.216,711.64,1,16,0,0,0,0,3.23,26.216,0.0,0.0,0.0,0.0
O95684,18,90,81.3448,313.4738,285.36,6,55,4,18,8,17,31.4707,201.6228,17.5721,69.1829,32.302,42.6681
URS0000EA7F1D_9606,2,26,5.4831,43.1538,687.03,1,21,0,0,1,5,2.3593,33.3957,0.0,0.0,3.1238,9.7582
URS0002A45CDD_9606,2,12,4.3508,11.2581,158.76,1,5,0,0,1,7,2.1591,4.9139,0.0,0.0,2.1917,6.3441
URS0000EB4075_9606,5,28,19.8465,69.3835,249.6,2,12,1,6,2,10,7.7596,28.1519,4.1048,12.8342,7.9821,28.3974
CPX-7664,1,8,4.3929,27.0706,516.23,1,8,0,0,0,0,4.3929,27.0706,0.0,0.0,0.0,0.0
Q969U6,14,67,65.7977,227.8335,246.26,8,49,2,6,4,12,43.2406,174.4998,5.1433,13.2154,17.4138,40.1183
URS00006F68AF_9606,2,16,6.0993,26.6055,336.2,1,9,1,7,0,0,2.9648,13.3626,3.1345,13.2429,0.0,0.0
P24863,12,81,57.1871,230.6309,303.29,5,52,3,10,4,19,25.6724,128.8629,10.6829,34.5762,20.8318,67.1918
Q96IJ6,12,52,60.8322,182.2178,199.54,2,21,6,15,4,16,16.9764,80.5683,26.9808,57.5987,16.8749,44.0508
Q0PNE2,9,52,37.6113,131.5027,249.64,4,36,1,3,4,13,21.9909,102.078,1.0314,2.0969,14.589,27.3277
Q07002,15,63,58.9952,197.0377,233.99,2,19,9,28,4,16,12.0085,66.9945,33.6575,87.0931,13.3292,42.9501
Q99741,29,155,158.3247,623.1567,293.59,15,111,6,28,8,16,103.9644,502.504,26.5093,86.1073,27.851,34.5454
O14595,11,51,43.1675,121.172,180.7,2,26,7,17,2,8,8.8905,55.2124,30.0293,57.3495,4.2477,8.6101
O15409,29,99,131.5401,305.5199,132.26,14,61,12,29,3,9,83.9994,206.9314,39.8598,86.5452,7.6809,12.0433
URS000075C26A_9606,2,12,4.3508,11.2581,158.76,1,5,0,0,1,7,2.1591,4.9139,0.0,0.0,2.1917,6.3441
URS00002DDCC7_9606,2,16,6.0993,26.6055,336.2,1,9,1,7,0,0,2.9648,13.3626,3.1345,13.2429,0.0,0.0
URS000036C342_9606,2,10,4.0684,10.5183,158.53,0,0,1,3,1,7,0.0,0.0,2.0434,4.3409,2.025,6.1774
Q9Y6Q6,37,182,204.8638,850.8351,315.32,26,160,6,13,5,9,164.5242,783.206,23.0745,40.7661,17.2651,26.8631
CPX-7281,2,43,9.8287,126.9901,1192.03,2,43,0,0,0,0,9.8287,126.9901,0.0,0.0,0.0,0.0
URS0001B33354_9606,2,10,4.0684,10.5183,158.53,0,0,1,3,1,7,0.0,0.0,2.0434,4.3409,2.025,6.1774
P56945,35,99,177.3306,383.9448,116.51,23,69,3,8,9,22,133.2241,298.3866,11.0672,23.321,33.0392,62.2372
URS00005E651E_9606,6,55,28.3469,150.1344,429.63,4,45,1,7,1,3,20.5076,129.4358,4.774,17.1048,3.0652,3.5938
URS0000D57E8E_9606,2,26,5.4831,43.1538,687.03,1,21,0,0,1,5,2.3593,33.3957,0.0,0.0,3.1238,9.7582
Q5JU00,7,26,32.1218,85.0514,164.78,3,12,1,3,3,11,15.2413,48.8117,1.0314,2.0969,15.849,34.1428
URS000063524F_9606,2,26,5.4831,43.1538,687.03,1,21,0,0,1,5,2.3593,33.3957,0.0,0.0,3.1238,9.7582
URS000233EEB2_9606,2,12,4.3508,11.2581,158.76,1,5,0,0,1,7,2.1591,4.9139,0.0,0.0,2.1917,6.3441
URS0002577F1C_9606,2,16,6.0993,26.6055,336.2,1,9,1,7,0,0,2.9648,13.3626,3.1345,13.2429,0.0,0.0
URS00006EA8E0_9606,5,37,21.6374,89.1844,312.18,4,32,0,0,1,5,18.5136,79.4262,0.0,0.0,3.1238,9.7582
URS00003B2DC8_9606,2,26,5.4831,43.1538,687.03,1,21,0,0,1,5,2.3593,33.3957,0.0,0.0,3.1238,9.7582
URS0000D59499_9606,1,16,3.23,26.216,711.64,1,16,0,0,0,0,3.23,26.216,0.0,0.0,0.0,0.0
URS000253815C_9606,1,21,2.3593,33.3957,1315.46,1,21,0,0,0,0,2.3593,33.3957,0.0,0.0,0.0,0.0
P13500,61,284,359.5487,1324.2265,268.3,49,255,9,24,3,5,302.8213,1218.4279,49.3654,97.908,7.362,7.8906
Q9BVS5,16,68,100.0183,297.1126,197.06,6,31,7,20,3,17,36.8473,133.7963,45.8461,108.578,17.3248,54.7384
Q92844,25,138,119.0871,521.0669,337.55,12,98,9,30,4,10,76.0716,402.747,35.536,106.688,7.4795,11.6319
O14829,12,42,47.6052,111.5946,134.42,2,15,8,19,2,8,10.5481,42.2872,33.163,61.0509,3.8941,8.2565
P80075,26,126,132.1001,514.1277,289.2,17,92,7,30,2,4,89.1594,384.4394,37.0354,123.2544,5.9053,6.4339
URS0002A4A85C_9606,2,12,4.3508,11.2581,158.76,1,5,0,0,1,7,2.1591,4.9139,0.0,0.0,2.1917,6.3441
URS0002A1B4E1_9606,1,9,1.4016,9.5107,578.57,1,9,0,0,0,0,1.4016,9.5107,0.0,0.0,0.0,0.0
URS0000DDFADE_9606,2,10,4.0684,10.5183,158.53,0,0,1,3,1,7,0.0,0.0,2.0434,4.3409,2.025,6.1774
URS00007131DA_9606,2,12,4.3508,11.2581,158.76,1,5,0,0,1,7,2.1591,4.9139,0.0,0.0,2.1917,6.3441
P49754,40,117,207.5732,459.071,121.16,14,57,7,16,19,44,82.646,233.128,22.955,44.4821,101.9722,181.4609
CPX-10319,3,24,20.714,69.0808,233.5,1,10,1,7,1,7,7.9521,27.8051,8.3575,24.2642,4.4044,17.0115
Q92597,22,87,100.0796,292.6258,192.39,6,35,6,18,10,34,32.9459,129.498,32.3312,64.7952,34.8025,98.3326
URS000055D4A9_9606,2,10,4.0684,10.5183,158.53,0,0,1,3,1,7,0.0,0.0,2.0434,4.3409,2.025,6.1774
A2IDD5,10,40,53.8458,134.3324,149.48,3,20,1,3,6,17,19.985,85.7475,1.0314,2.0969,32.8294,46.488
URS00000D42CC_9606,2,16,6.0993,26.6055,336.2,1,9,1,7,0,0,2.9648,13.3626,3.1345,13.2429,0.0,0.0
P00491,35,206,222.0654,1075.1666,384.17,18,168,11,19,6,19,135.7364,932.8359,65.876,88.4534,20.4531,53.8774
A8MWA4,9,54,24.2386,103.7521,328.04,3,28,5,19,1,7,7.958,49.7302,14.4958,47.8747,1.7848,6.1472
URS0000631DB8_9606,1,21,2.3593,33.3957,1315.46,1,21,0,0,0,0,2.3593,33.3957,0.0,0.0,0.0,0.0
Q13098,11,53,54.8954,159.0971,189.82,4,30,2,10,5,13,30.4005,101.4069,9.2066,33.9011,15.2883,23.7892
URS000020C605_9606,2,12,4.3508,11.2581,158.76,1,5,0,0,1,7,2.1591,4.9139,0.0,0.0,2.1917,6.3441
URS0000E97E7B_9606,2,16,6.0993,26.6055,336.2,1,9,1,7,0,0,2.9648,13.3626,3.1345,13.2429,0.0,0.0
Q96MN5,5,28,20.2209,58.5274,189.44,2,16,2,5,1,7,9.5172,39.4336,8.9189,12.9466,1.7848,6.1472
URS0002DDFBCC_9606,2,10,4.0684,10.5183,158.53,0,0,1,3,1,7,0.0,0.0,2.0434,4.3409,2.025,6.1774
O76011,12,40,52.0771,123.1688,136.51,4,20,3,5,5,15,22.68,73.7364,9.4677,10.5332,19.9294,38.8991
URS0002A57ECA_9606,2,12,4.3508,11.2581,158.76,1,5,0,0,1,7,2.1591,4.9139,0.0,0.0,2.1917,6.3441
CPX-77,5,43,28.7638,124.6719,333.43,1,15,4,28,0,0,7.0766,38.6634,21.6872,86.0085,0.0,0.0
URS000233D907_9606,2,12,4.3508,11.2581,158.76,1,5,0,0,1,7,2.1591,4.9139,0.0,0.0,2.1917,6.3441
P51686,17,49,81.3568,177.1211,117.71,9,27,4,15,4,7,43.1981,92.2896,25.8736,67.9215,12.2851,16.91
Q8NAM6,14,78,51.3726,206.8263,302.6,4,47,8,22,2,9,22.0076,133.984,22.044,56.0555,7.321,16.7867
URS0000E99C01_9606,2,12,4.3508,11.2581,158.76,1,5,0,0,1,7,2.1591,4.9139,0.0,0.0,2.1917,6.3441
URS00001D6BAE_9606,15,120,75.3746,435.7575,478.12,12,109,2,8,1,3,62.5171,410.0407,9.7922,22.123,3.0652,3.5938
Q9HCM4,14,42,59.7974,129.7908,117.05,2,14,3,5,9,23,12.3758,46.273,8.9233,9.9888,38.4983,73.529
URS000068AEE6_9606,2,12,4.3508,11.2581,158.76,1,5,0,0,1,7,2.1591,4.9139,0.0,0.0,2.1917,6.3441
O43555,6,24,33.6447,76.1048,126.2,1,6,3,14,2,4,2.1358,5.3226,25.6037,64.3482,5.9053,6.4339
URS00006A84AA_9606,2,12,4.3508,11.2581,158.76,1,5,0,0,1,7,2.1591,4.9139,0.0,0.0,2.1917,6.3441
URS0000AA9229_9606,2,12,4.3508,11.2581,158.76,1,5,0,0,1,7,2.1591,4.9139,0.0,0.0,2.1917,6.3441
URS0000168173_9606,2,10,4.0684,10.5183,158.53,0,0,1,3,1,7,0.0,0.0,2.0434,4.3409,2.025,6.1774
URS000253C813_9606,1,16,3.23,26.216,711.64,1,16,0,0,0,0,3.23,26.216,0.0,0.0,0.0,0.0
URS0000A7F66A_9606,2,13,6.1315,22.7048,270.3,1,8,0,0,1,5,3.0647,13.0601,0.0,0.0,3.0668,9.6447
O00443,38,145,188.4577,556.9012,195.5,17,89,9,31,12,25,104.7546,374.5623,48.6629,115.4965,35.0402,66.8424
Q7L190,6,29,16.1236,49.9859,210.02,2,17,2,4,2,8,6.6458,35.0802,5.2301,6.2956,4.2477,8.6101
URS0000D5D562_9606,2,16,6.0993,26.6055,336.2,1,9,1,7,0,0,2.9648,13.3626,3.1345,13.2429,0.0,0.0
URS0000EB63A5_9606,2,13,6.1315,22.7048,270.3,1,8,0,0,1,5,3.0647,13.0601,0.0,0.0,3.0668,9.6447
URS0002A3EA0F_9606,2,12,4.3508,11.2581,158.76,1,5,0,0,1,7,2.1591,4.9139,0.0,0.0,2.1917,6.3441
URS00025415D7_9606,1,28,5.8398,62.4293,969.02,1,28,0,0,0,0,5.8398,62.4293,0.0,0.0,0.0,0.0
URS00023388C5_9606,2,12,4.3508,11.2581,158.76,1,5,0,0,1,7,2.1591,4.9139,0.0,0.0,2.1917,6.3441
Q9H040,27,95,125.053,317.0533,153.54,9,53,13,25,5,17,53.5962,192.1862,54.8762,86.5693,16.5806,38.2978
Q8NFG4,46,217,256.0495,928.2525,262.53,29,167,5,14,12,36,184.5744,758.2426,16.9966,44.8046,54.4784,125.2054
URS000082A1C0_9606,2,10,4.0684,10.5183,158.53,0,0,1,3,1,7,0.0,0.0,2.0434,4.3409,2.025,6.1774
URS0000D584F0_9606,1,21,2.3593,33.3957,1315.46,1,21,0,0,0,0,2.3593,33.3957,0.0,0.0,0.0,0.0
URS00009B35D7_9606,1,11,6.2175,25.3927,308.41,0,0,0,0,1,11,0.0,0.0,0.0,0.0,6.2175,25.3927
